node,demand_avg,demand_ref,flex_fraction,flex_on_off,flex_basevalue,flex_storage,flex_storval_filling,flex_storval_time
DK-Zealand,1526.062642,load_DK,,,,,,
1513,239.5170367,load_GR,,,,,,
A_Westti,457.241352,load_AT,,,,,,
A-1,672.8100189,load_AT,,,,,,
A-10,590.5739408,load_AT,,,,,,
A-11,336.7081529,load_AT,,,,,,
A-12,329.6684886,load_AT,,,,,,
A-13,590.5739408,load_AT,,,,,,
A-14,502.2328906,load_AT,,,,,,
A-15,357.0608665,load_AT,,,,,,
A-16,502.2328906,load_AT,,,,,,
A-18,329.6684886,load_AT,,,,,,
A-2,336.7081529,load_AT,,,,,,
A-21,288.8704343,load_AT,,,,,,
A-22,333.8198696,load_AT,,,,,,
A-25,261.3012228,load_AT,,,,,,
A-27,329.6684886,load_AT,,,,,,
A-30,384.4448237,load_AT,,,,,,
A-36,168.413021,load_AT,,,,,,
A-4,504.6664588,load_AT,,,,,,
A-8,590.5739408,load_AT,,,,,,
acciaiol,493.3261279,load_IT,,,,,,
Acharnes,269.1983636,load_GR,,,,,,
Acheloos,368.9736469,load_GR,,,,,,
adria,287.1101371,load_IT,,,,,,
Agios Dimitrios,112.4086328,load_GR,,,,,,
Agios Stefanos,409.1201462,load_GR,,,,,,
Alba Iulia,106.9868768,load_RO,,,,,,
Aleko,130.7317653,load_BG,,,,,,
Amyndeo,71.18978592,load_GR,,,,,,
Andria,705.7769239,load_IT,,,,,,
Arachthos,139.0999104,load_GR,,,,,,
Arad,92.71102048,load_RO,,,,,,
arezzo,493.3261279,load_IT,,,,,,
Avenza,161.1851674,load_IT,,,,,,
B. Basta,61.68117594,load_RS,,,,,,
B_Achene,368.3161425,load_BE,,,,,,
B_Aubang,431.3274582,load_BE,,,,,,
B_Zandvl,45.7582173,load_BE,,,,,,
B-10,2035.678069,load_BE,,,,,,
B-11,1498.019015,load_BE,,,,,,
B-13,1358.951542,load_BE,,,,,,
B-16,236.3899511,load_BE,,,,,,
B-20,132.0387116,load_BE,,,,,,
B-3,1091.446003,load_BE,,,,,,
B-4,584.0398822,load_BE,,,,,,
B-5,490.5881003,load_BE,,,,,,
B-9,1274.478872,load_BE,,,,,,
Bacau Sud,79.1817751,load_RO,,,,,,
Baia Mare,142.6436993,load_RO,,,,,,
Balkan,88.56264,load_BG,,,,,,
Banja Luka,339.7279225,load_BA,,,,,,
Barbarosi,25.95908574,load_RO,,,,,,
Bellolam,283.5441603,load_IT,,,,,,
Benevent,528.7220288,load_IT,,,,,,
Beograd 20,75.85293961,load_RS,,,,,,
Beograd 3,75.85293961,load_RS,,,,,,
Beograd 8,75.85293961,load_RS,,,,,,
Bihac,70.14347646,load_BA,,,,,,
Bitola,82.76381286,load_MK,,,,,,
Blagoevgrad,6.274277366,load_BG,,,,,,
blstagno,371.2083851,load_IT,,,,,,
Bobovdol,47.55241793,load_BG,,,,,,
Bor,80.96384227,load_RS,,,,,,
Boychinovtsi,80.13878399,load_BG,,,,,,
Bradu,127.8427541,load_RO,,,,,,
Brasov,113.0171953,load_RO,,,,,,
Brazi Vest,162.1376272,load_RO,,,,,,
Bucuresti Sud,217.2063324,load_RO,,,,,,
Buliciag,652.8828577,load_IT,,,,,,
Burgas,94.56276821,load_BG,,,,,,
Ca glian,286.2808401,load_IT,,,,,,
Cacak,83.18955793,load_RS,,,,,,
Calafat,205.2441494,load_RO,,,,,,
Calenzan,493.3261279,load_IT,,,,,,
Campia Turzii,23.28441382,load_RO,,,,,,
Campochi,161.1851674,load_IT,,,,,,
Candia,281.1919726,load_IT,,,,,,
Carnposo,161.1851674,load_IT,,,,,,
Casanova,371.2083851,load_IT,,,,,,
cassano,728.5524333,load_IT,,,,,,
Castelnu,371.2083851,load_IT,,,,,,
Ceproro,636.0707472,load_IT,,,,,,
Cetate,85.50745624,load_RO,,,,,,
Ch. Mogila,62.74900432,load_BG,,,,,,
CH_aspha,170.7574446,load_CH,,,,,,
CH_Basse,397.5192358,load_CH,,,,,,
CH_laufe,182.5100388,load_CH,,,,,,
CH-1,297.1778187,load_CH,,,,,,
CH-11,447.6295105,load_CH,,,,,,
CH-12,170.7574446,load_CH,,,,,,
CH-14,192.8122222,load_CH,,,,,,
CH-15,192.8122222,load_CH,,,,,,
CH-16,192.8122222,load_CH,,,,,,
CH-17,397.5121259,load_CH,,,,,,
CH-2,182.5100388,load_CH,,,,,,
CH-28,397.5121259,load_CH,,,,,,
CH-30,397.5121259,load_CH,,,,,,
CH-31,85.53869409,load_CH,,,,,,
CH-32,218.8058608,load_CH,,,,,,
CH-33,397.5121259,load_CH,,,,,,
CH-34,397.5121259,load_CH,,,,,,
CH-35,85.53869409,load_CH,,,,,,
CH-4,1222.603964,load_CH,,,,,,
CH-41,85.53869409,load_CH,,,,,,
CH-42,397.5121259,load_CH,,,,,,
CH-44,85.53869409,load_CH,,,,,,
CH-6,182.5100388,load_CH,,,,,,
CH-7,170.7574446,load_CH,,,,,,
CH-8,66.68335233,load_CH,,,,,,
CH-9,170.7574446,load_CH,,,,,,
chiaramo,260.6329477,load_IT,,,,,,
Ciserano,728.5524333,load_IT,,,,,,
Cislago,728.5524333,load_IT,,,,,,
Cluj Est,37.78999649,load_RO,,,,,,
Cluj Floresti,196.4407048,load_RO,,,,,,
Cnudomir,49.55246066,load_BG,,,,,,
Colorno,384.8088548,load_IT,,,,,,
Colunga,384.8088548,load_IT,,,,,,
Constanta Nord,199.3697166,load_RO,,,,,,
Cordigna,238.4002509,load_IT,,,,,,
Cremona,728.5524333,load_IT,,,,,,
CRT-1,250.4749778,load_HR,,,,,,
CRT-11,48.175401,load_HR,,,,,,
CRT-12,72.78760036,load_HR,,,,,,
CRT-13,215.2943043,load_HR,,,,,,
CRT-16,215.2943043,load_HR,,,,,,
CRT-17,77.52593042,load_HR,,,,,,
CRT-2,65.33043934,load_HR,,,,,,
CRT-3,215.5083854,load_HR,,,,,,
CRT-4,286.1551741,load_HR,,,,,,
CRT-5,104.6214715,load_HR,,,,,,
CRT-7,48.175401,load_HR,,,,,,
CRT-8,148.4296165,load_HR,,,,,,
CRT-9,48.175401,load_HR,,,,,,
CZ-1,298.055134,load_CZ,,,,,,
CZ-12,294.5638288,load_CZ,,,,,,
CZ-13,176.4538763,load_CZ,,,,,,
CZ-14,294.5638288,load_CZ,,,,,,
CZ-16,176.4313032,load_CZ,,,,,,
CZ-17,260.5386517,load_CZ,,,,,,
CZ-18,407.7302737,load_CZ,,,,,,
CZ-19,407.7302737,load_CZ,,,,,,
CZ-21,260.5386517,load_CZ,,,,,,
CZ-22,444.524417,load_CZ,,,,,,
CZ-23,180.3138754,load_CZ,,,,,,
CZ-24,180.3289242,load_CZ,,,,,,
CZ-25,191.5477519,load_CZ,,,,,,
CZ-26,413.6369,load_CZ,,,,,,
CZ-28,260.5386517,load_CZ,,,,,,
CZ-29,191.5477519,load_CZ,,,,,,
CZ-30,218.0109424,load_CZ,,,,,,
CZ-31,784.5655061,load_CZ,,,,,,
CZ-34,218.0109424,load_CZ,,,,,,
CZ-4,383.5770631,load_CZ,,,,,,
CZ-5,392.034449,load_CZ,,,,,,
CZ-6,294.526207,load_CZ,,,,,,
CZ-8,392.034449,load_CZ,,,,,,
D_185,266.9051681,load_DE,,,,,,
D_233,376.261049,load_DE,,,,,,
D_Connef,313.9605208,load_DE,,,,,,
D_Diele,155.6920469,load_DE,,,,,,
D_Eichst,639.1672233,load_DE,,,,,,
D_Gronau,625.9294478,load_DE,,,,,,
D_leupol,376.261049,load_DE,,,,,,
D_oberbr,376.261049,load_DE,,,,,,
D_Siersd,309.803464,load_DE,,,,,,
D_Tienge,321.531738,load_DE,,,,,,
D-10,665.7613217,load_DE,,,,,,
D-101,547.1745621,load_DE,,,,,,
D-103,282.806305,load_DE,,,,,,
D-105,547.1745621,load_DE,,,,,,
D-106,286.5365916,load_DE,,,,,,
D-107,286.5365916,load_DE,,,,,,
D-109,547.1745621,load_DE,,,,,,
D-11,665.7613217,load_DE,,,,,,
D-110,547.1745621,load_DE,,,,,,
D-112,286.5365916,load_DE,,,,,,
D-113,282.806305,load_DE,,,,,,
D-114,341.2105806,load_DE,,,,,,
D-115,341.1868711,load_DE,,,,,,
D-116,547.1745621,load_DE,,,,,,
D-117,282.806305,load_DE,,,,,,
D-118,277.1634562,load_DE,,,,,,
D-120,547.1745621,load_DE,,,,,,
D-121,282.806305,load_DE,,,,,,
D-123,547.1745621,load_DE,,,,,,
D-124,286.5365916,load_DE,,,,,,
D-125,282.806305,load_DE,,,,,,
D-127,547.1745621,load_DE,,,,,,
D-13,261.0568374,load_DE,,,,,,
D-130,286.5365916,load_DE,,,,,,
D-131,552.4301566,load_DE,,,,,,
D-133,286.5365916,load_DE,,,,,,
D-134,341.2105806,load_DE,,,,,,
D-135,341.2105806,load_DE,,,,,,
D-137,547.1745621,load_DE,,,,,,
D-138,286.5365916,load_DE,,,,,,
D-139,267.1264562,load_DE,,,,,,
D-14,401.5274183,load_DE,,,,,,
D-140,376.261049,load_DE,,,,,,
D-141,261.1200625,load_DE,,,,,,
D-142,376.261049,load_DE,,,,,,
D-143,286.5365916,load_DE,,,,,,
D-144,261.1200625,load_DE,,,,,,
D-145,261.1200625,load_DE,,,,,,
D-146,261.1200625,load_DE,,,,,,
D-147,547.1745621,load_DE,,,,,,
D-15,121.2975399,load_DE,,,,,,
D-150,376.261049,load_DE,,,,,,
D-151,368.2867711,load_DE,,,,,,
D-152,286.5365916,load_DE,,,,,,
D-153,286.5365916,load_DE,,,,,,
D-156,376.261049,load_DE,,,,,,
D-157,286.5365916,load_DE,,,,,,
D-158,286.5365916,load_DE,,,,,,
D-160,261.1200625,load_DE,,,,,,
D-162,261.1200625,load_DE,,,,,,
D-163,321.531738,load_DE,,,,,,
D-164,261.1200625,load_DE,,,,,,
D-17,401.5274183,load_DE,,,,,,
D-171,321.531738,load_DE,,,,,,
D-173,171.2059297,load_DE,,,,,,
D-174,376.261049,load_DE,,,,,,
D-175,286.5365916,load_DE,,,,,,
D-177,643.0634761,load_DE,,,,,,
D-178,261.1200625,load_DE,,,,,,
D-180,266.9051681,load_DE,,,,,,
D-183,376.261049,load_DE,,,,,,
D-185,605.3180337,load_DE,,,,,,
D-186,321.531738,load_DE,,,,,,
D-187,376.261049,load_DE,,,,,,
D-188,376.261049,load_DE,,,,,,
D-19,441.7860623,load_DE,,,,,,
D-193,387.8944852,load_DE,,,,,,
D-194,301.9003144,load_DE,,,,,,
D-195,321.531738,load_DE,,,,,,
D-196,321.531738,load_DE,,,,,,
D-198,376.261049,load_DE,,,,,,
D-199,321.531738,load_DE,,,,,,
D-2,200.3290359,load_DE,,,,,,
D-20,401.5274183,load_DE,,,,,,
D-200,321.531738,load_DE,,,,,,
D-201,321.531738,load_DE,,,,,,
D-203,321.531738,load_DE,,,,,,
D-205,387.8944852,load_DE,,,,,,
D-206,376.261049,load_DE,,,,,,
D-207,376.261049,load_DE,,,,,,
D-208,321.531738,load_DE,,,,,,
D-209,376.261049,load_DE,,,,,,
D-210,376.261049,load_DE,,,,,,
D-212,321.531738,load_DE,,,,,,
D-213,376.261049,load_DE,,,,,,
D-214,376.261049,load_DE,,,,,,
D-216,376.261049,load_DE,,,,,,
D-219,376.261049,load_DE,,,,,,
D-224,376.261049,load_DE,,,,,,
D-229,171.2059297,load_DE,,,,,,
D-24,313.9605208,load_DE,,,,,,
D-25,261.0568374,load_DE,,,,,,
D-29,313.9605208,load_DE,,,,,,
D-3,200.3290359,load_DE,,,,,,
D-30,313.9605208,load_DE,,,,,,
D-33,313.9605208,load_DE,,,,,,
D-34,1155.116441,load_DE,,,,,,
D-35,1155.116441,load_DE,,,,,,
D-37,460.2952386,load_DE,,,,,,
D-39,261.0568374,load_DE,,,,,,
D-42,313.4784286,load_DE,,,,,,
D-43,313.9605208,load_DE,,,,,,
D-44,314.3398719,load_DE,,,,,,
D-45,261.0568374,load_DE,,,,,,
D-46,261.0568374,load_DE,,,,,,
D-48,313.9605208,load_DE,,,,,,
D-50,313.4784286,load_DE,,,,,,
D-52,458.6513835,load_DE,,,,,,
D-57,261.0568374,load_DE,,,,,,
D-59,313.4784286,load_DE,,,,,,
D-6,665.7613217,load_DE,,,,,,
D-60,313.4784286,load_DE,,,,,,
D-61,547.1745621,load_DE,,,,,,
D-63,313.4784286,load_DE,,,,,,
D-64,313.4784286,load_DE,,,,,,
D-69,314.3398719,load_DE,,,,,,
D-7,200.3290359,load_DE,,,,,,
D-70,458.6276741,load_DE,,,,,,
D-71,547.1745621,load_DE,,,,,,
D-72,547.1745621,load_DE,,,,,,
D-73,547.1745621,load_DE,,,,,,
D-74,313.4784286,load_DE,,,,,,
D-76,547.1745621,load_DE,,,,,,
D-78,572.0299675,load_DE,,,,,,
D-79,458.6276741,load_DE,,,,,,
D-8,200.3290359,load_DE,,,,,,
D-80,640.155117,load_DE,,,,,,
D-81,547.1745621,load_DE,,,,,,
D-82,282.806305,load_DE,,,,,,
D-83,282.806305,load_DE,,,,,,
D-84,547.1745621,load_DE,,,,,,
D-86,547.1745621,load_DE,,,,,,
D-87,300.3196845,load_DE,,,,,,
D-89,282.806305,load_DE,,,,,,
D-9,200.3290359,load_DE,,,,,,
D-90,286.5365916,load_DE,,,,,,
D-93,572.0299675,load_DE,,,,,,
D-96,314.3398719,load_DE,,,,,,
D-97,547.1745621,load_DE,,,,,,
D-98,282.806305,load_DE,,,,,,
D-99,282.806305,load_DE,,,,,,
Darste,113.0171953,load_RO,,,,,,
Devin,62.55585378,load_BG,,,,,,
Distomo,139.0999104,load_GR,,,,,,
Djerdap,163.2878441,load_RS,,,,,,
DK-3,768.5575059,load_DK,,,,,,
DK-4,768.5575059,load_DK,,,,,,
DK-5,768.5575059,load_DK,,,,,,
Dobrudzha,114.3139691,load_BG,,,,,,
Domnesti,217.2063324,load_RO,,,,,,
Dubrovo,2.364680367,load_MK,,,,,,
Dugale,286.2808401,load_IT,,,,,,
E_obermo,321.531738,load_DE,,,,,,
E-1,340.0096976,load_ES,,,,,,
E-10,340.0096976,load_ES,,,,,,
E-100,152.583423,load_ES,,,,,,
E-101,90.30600761,load_ES,,,,,,
E-105,151.8938035,load_ES,,,,,,
E-106,152.583423,load_ES,,,,,,
E-107,128.9861477,load_ES,,,,,,
E-11,138.6066804,load_ES,,,,,,
E-110,152.583423,load_ES,,,,,,
E-111,90.30600761,load_ES,,,,,,
E-113,152.583423,load_ES,,,,,,
E-115,152.583423,load_ES,,,,,,
E-116,90.29235178,load_ES,,,,,,
E-118,90.29235178,load_ES,,,,,,
E-12,338.6714262,load_ES,,,,,,
E-121,620.5823927,load_ES,,,,,,
E-122,620.5823927,load_ES,,,,,,
E-123,620.5823927,load_ES,,,,,,
E-124,107.8810616,load_ES,,,,,,
E-125,619.8927732,load_ES,,,,,,
E-126,385.0944223,load_ES,,,,,,
E-127,606.2369427,load_ES,,,,,,
E-13,219.3399507,load_ES,,,,,,
E-130,620.5823927,load_ES,,,,,,
E-131,114.4973115,load_ES,,,,,,
E-132,620.5823927,load_ES,,,,,,
E-133,185.6168771,load_ES,,,,,,
E-134,113.807692,load_ES,,,,,,
E-14,152.583423,load_ES,,,,,,
E-143,114.4973115,load_ES,,,,,,
E-144,114.4973115,load_ES,,,,,,
E-145,165.23555,load_ES,,,,,,
E-146,385.5655484,load_ES,,,,,,
E-147,113.807692,load_ES,,,,,,
E-148,385.5655484,load_ES,,,,,,
E-149,113.807692,load_ES,,,,,,
E-151,385.5655484,load_ES,,,,,,
E-153,386.2551679,load_ES,,,,,,
E-154,185.6168771,load_ES,,,,,,
E-155,114.4973115,load_ES,,,,,,
E-156,101.0531463,load_ES,,,,,,
E-157,114.4973115,load_ES,,,,,,
E-158,114.4973115,load_ES,,,,,,
E-159,385.5655484,load_ES,,,,,,
E-16,340.0096976,load_ES,,,,,,
E-161,100.3703547,load_ES,,,,,,
E-162,385.5655484,load_ES,,,,,,
E-163,113.807692,load_ES,,,,,,
E-164,48.47819855,load_ES,,,,,,
E-165,386.2551679,load_ES,,,,,,
E-166,34.13957644,load_ES,,,,,,
E-167,416.3457906,load_ES,,,,,,
E-168,238.3625227,load_ES,,,,,,
E-169,416.3457906,load_ES,,,,,,
E-17,219.3399507,load_ES,,,,,,
E-170,396.1488171,load_ES,,,,,,
E-171,416.3457906,load_ES,,,,,,
E-172,237.6729033,load_ES,,,,,,
E-173,385.5655484,load_ES,,,,,,
E-174,237.6729033,load_ES,,,,,,
E-176,236.9832838,load_ES,,,,,,
E-178,415.6561711,load_ES,,,,,,
E-179,415.6561711,load_ES,,,,,,
E-180,416.3457906,load_ES,,,,,,
E-181,416.3457906,load_ES,,,,,,
E-182,416.3457906,load_ES,,,,,,
E-185,416.3457906,load_ES,,,,,,
E-186,416.3457906,load_ES,,,,,,
E-187,415.6561711,load_ES,,,,,,
E-188,414.9665517,load_ES,,,,,,
E-189,416.3457906,load_ES,,,,,,
E-19,83.98335805,load_ES,,,,,,
E-190/19,416.3457906,load_ES,,,,,,
E-2,470.1361072,load_ES,,,,,,
E-20,338.6714262,load_ES,,,,,,
E-204,321.531738,load_DE,,,,,,
E-21,84.42717255,load_ES,,,,,,
E-211,321.531738,load_DE,,,,,,
E-215,321.531738,load_DE,,,,,,
E-217,321.531738,load_DE,,,,,,
E-218,321.531738,load_DE,,,,,,
E-220,152.625625,load_DE,,,,,,
E-223,321.531738,load_DE,,,,,,
E-23,90.30600761,load_ES,,,,,,
E-24,219.5789278,load_ES,,,,,,
E-25,158.4076347,load_ES,,,,,,
E-31,340.0096976,load_ES,,,,,,
E-32,90.29235178,load_ES,,,,,,
E-33,151.8938035,load_ES,,,,,,
E-34,219.5789278,load_ES,,,,,,
E-35,220.0295702,load_ES,,,,,,
E-36,83.04793366,load_ES,,,,,,
E-38,220.0295702,load_ES,,,,,,
E-39,90.29235178,load_ES,,,,,,
E-41,150.644295,load_ES,,,,,,
E-42,152.583423,load_ES,,,,,,
E-43,58.60399692,load_ES,,,,,,
E-45,90.29235178,load_ES,,,,,,
E-46,90.30600761,load_ES,,,,,,
E-49,90.29235178,load_ES,,,,,,
E-50,340.0301814,load_ES,,,,,,
E-53,151.3339145,load_ES,,,,,,
E-55,273.1166116,load_ES,,,,,,
E-58,150.644295,load_ES,,,,,,
E-6,470.8257267,load_ES,,,,,,
E-61,58.60399692,load_ES,,,,,,
E-62,151.8938035,load_ES,,,,,,
E-64,90.30600761,load_ES,,,,,,
E-65,58.60399692,load_ES,,,,,,
E-68,90.29235178,load_ES,,,,,,
E-69,152.583423,load_ES,,,,,,
E-70,58.60399692,load_ES,,,,,,
E-71,90.29235178,load_ES,,,,,,
E-72,174.6512452,load_ES,,,,,,
E-75,90.29235178,load_ES,,,,,,
E-76,447.2284514,load_ES,,,,,,
E-78,96.9563971,load_ES,,,,,,
E-79,128.9861477,load_ES,,,,,,
E-80,128.2965283,load_ES,,,,,,
E-81,90.29235178,load_ES,,,,,,
E-82,153.2730424,load_ES,,,,,,
E-83,128.2965283,load_ES,,,,,,
E-84,128.2965283,load_ES,,,,,,
E-85,90.30600761,load_ES,,,,,,
E-86,96.9563971,load_ES,,,,,,
E-87,159.431822,load_ES,,,,,,
E-88,90.30600761,load_ES,,,,,,
E-89,90.29235178,load_ES,,,,,,
E-91,167.0790871,load_ES,,,,,,
E-92,90.30600761,load_ES,,,,,,
E-93,152.583423,load_ES,,,,,,
E-94,151.8938035,load_ES,,,,,,
E-95,128.9861477,load_ES,,,,,,
E-96,135.1927227,load_ES,,,,,,
E-97,128.2965283,load_ES,,,,,,
E-98,153.2730424,load_ES,,,,,,
E-99,96.9563971,load_ES,,,,,,
Elpe,55.55855969,load_GR,,,,,,
Erzelli,161.1851674,load_IT,,,,,,
F_113,451.6409444,load_FR,,,,,,
F_Baixas,26.79067542,load_FR,,,,,,
F_BoisTo,195.3787885,load_FR,,,,,,
F_canteg,401.2370922,load_FR,,,,,,
F_Cornie,195.3787885,load_FR,,,,,,
F_Mambel,116.2528401,load_FR,,,,,,
F_Mougue,114.6391692,load_FR,,,,,,
F_Moulai,156.7752943,load_FR,,,,,,
F-101,156.7752943,load_FR,,,,,,
F-102,106.4150549,load_FR,,,,,,
F-103,127.5734581,load_FR,,,,,,
F-104,156.7752943,load_FR,,,,,,
F-105,795.84505,load_FR,,,,,,
F-106,127.5734581,load_FR,,,,,,
F-107,451.6409444,load_FR,,,,,,
F-108,156.7752943,load_FR,,,,,,
F-109,143.7787015,load_FR,,,,,,
F-11,539.9193351,load_FR,,,,,,
F-110,106.4150549,load_FR,,,,,,
F-111,94.30317746,load_FR,,,,,,
F-113,421.9157554,load_FR,,,,,,
F-114,143.7787015,load_FR,,,,,,
F-115,136.3271556,load_FR,,,,,,
F-116,127.5734581,load_FR,,,,,,
F-117,273.5639479,load_FR,,,,,,
F-118,143.7787015,load_FR,,,,,,
F-119,106.4150549,load_FR,,,,,,
F-120,143.7787015,load_FR,,,,,,
F-121,451.6409444,load_FR,,,,,,
F-122,143.7787015,load_FR,,,,,,
F-123,206.1137497,load_FR,,,,,,
F-124,94.30317746,load_FR,,,,,,
F-125,94.30317746,load_FR,,,,,,
F-126,136.3271556,load_FR,,,,,,
F-127,94.30317746,load_FR,,,,,,
F-128,127.5734581,load_FR,,,,,,
F-13,134.6262591,load_FR,,,,,,
F-130,206.1137497,load_FR,,,,,,
F-131,116.2528401,load_FR,,,,,,
F-132,143.7787015,load_FR,,,,,,
F-134,94.30317746,load_FR,,,,,,
F-135,116.2528401,load_FR,,,,,,
F-136,223.4903065,load_FR,,,,,,
F-138,206.1137497,load_FR,,,,,,
F-139,143.7787015,load_FR,,,,,,
F-14,158.7752494,load_FR,,,,,,
F-140,143.7787015,load_FR,,,,,,
F-143,94.30317746,load_FR,,,,,,
F-144,143.7787015,load_FR,,,,,,
F-145,94.30317746,load_FR,,,,,,
F-146,234.6551647,load_FR,,,,,,
F-147,223.4903065,load_FR,,,,,,
F-148,116.2528401,load_FR,,,,,,
F-149,94.30317746,load_FR,,,,,,
F-150,94.30317746,load_FR,,,,,,
F-151,143.7787015,load_FR,,,,,,
F-152,94.30317746,load_FR,,,,,,
F-153,223.4903065,load_FR,,,,,,
F-154/15,223.4903065,load_FR,,,,,,
F-158,116.2528401,load_FR,,,,,,
F-159,234.6551647,load_FR,,,,,,
F-16,134.6262591,load_FR,,,,,,
F-161,143.7787015,load_FR,,,,,,
F-162,223.4903065,load_FR,,,,,,
F-163,116.2528401,load_FR,,,,,,
F-164,234.6551647,load_FR,,,,,,
F-165,143.7787015,load_FR,,,,,,
F-166,94.30317746,load_FR,,,,,,
F-167,94.30317746,load_FR,,,,,,
F-168,116.2528401,load_FR,,,,,,
F-169,94.30317746,load_FR,,,,,,
F-170,157.3609509,load_FR,,,,,,
F-171,116.2528401,load_FR,,,,,,
F-172,261.8072027,load_FR,,,,,,
F-173,143.7787015,load_FR,,,,,,
F-175,157.3609509,load_FR,,,,,,
F-176,94.30317746,load_FR,,,,,,
F-177,94.30317746,load_FR,,,,,,
F-178,261.8072027,load_FR,,,,,,
F-179,112.3276947,load_FR,,,,,,
F-18,106.4150549,load_FR,,,,,,
F-180,157.3609509,load_FR,,,,,,
F-182,195.3787885,load_FR,,,,,,
F-183,143.7787015,load_FR,,,,,,
F-186,112.3276947,load_FR,,,,,,
F-187,195.3787885,load_FR,,,,,,
F-188,112.3276947,load_FR,,,,,,
F-189,195.3787885,load_FR,,,,,,
F-190/19,157.3609509,load_FR,,,,,,
F-193,112.3276947,load_FR,,,,,,
F-194,195.3787885,load_FR,,,,,,
F-196,157.3609509,load_FR,,,,,,
F-197,157.3609509,load_FR,,,,,,
F-198,195.3787885,load_FR,,,,,,
F-199,195.3787885,load_FR,,,,,,
F-20,134.6262591,load_FR,,,,,,
F-200,195.3787885,load_FR,,,,,,
F-201,75.00143038,load_FR,,,,,,
F-202,195.3787885,load_FR,,,,,,
F-203,75.00143038,load_FR,,,,,,
F-204,195.3787885,load_FR,,,,,,
F-205,75.00143038,load_FR,,,,,,
F-206,195.3787885,load_FR,,,,,,
F-207,157.3609509,load_FR,,,,,,
F-208,75.00143038,load_FR,,,,,,
F-209,75.00143038,load_FR,,,,,,
F-21,134.6262591,load_FR,,,,,,
F-211,195.3787885,load_FR,,,,,,
F-213,112.3276947,load_FR,,,,,,
F-214,75.00143038,load_FR,,,,,,
F-216,195.3787885,load_FR,,,,,,
F-217,195.3787885,load_FR,,,,,,
F-218,195.3787885,load_FR,,,,,,
F-219,195.3787885,load_FR,,,,,,
F-22,168.3202063,load_FR,,,,,,
F-220,112.3276947,load_FR,,,,,,
F-221/22,157.3609509,load_FR,,,,,,
F-223,195.3787885,load_FR,,,,,,
F-224,157.3609509,load_FR,,,,,,
F-225,195.3787885,load_FR,,,,,,
F-227,176.69385,load_FR,,,,,,
F-229,195.3787885,load_FR,,,,,,
F-23,134.6262591,load_FR,,,,,,
F-230,195.3787885,load_FR,,,,,,
F-231,195.3787885,load_FR,,,,,,
F-235,112.3276947,load_FR,,,,,,
F-236,195.3787885,load_FR,,,,,,
F-237,176.69385,load_FR,,,,,,
F-239,112.3276947,load_FR,,,,,,
F-24,156.7752943,load_FR,,,,,,
F-240,176.69385,load_FR,,,,,,
F-241,195.3787885,load_FR,,,,,,
F-242,157.3609509,load_FR,,,,,,
F-244,112.3276947,load_FR,,,,,,
F-245,176.69385,load_FR,,,,,,
F-246,176.69385,load_FR,,,,,,
F-248,112.3276947,load_FR,,,,,,
F-251,195.3787885,load_FR,,,,,,
F-252,176.69385,load_FR,,,,,,
F-253,176.69385,load_FR,,,,,,
F-254,112.3276947,load_FR,,,,,,
F-257,195.3787885,load_FR,,,,,,
F-259,195.3787885,load_FR,,,,,,
F-26,168.3202063,load_FR,,,,,,
F-260,176.4446343,load_FR,,,,,,
F-261,176.4446343,load_FR,,,,,,
F-262,183.4662834,load_FR,,,,,,
F-263,183.4662834,load_FR,,,,,,
F-264,195.3787885,load_FR,,,,,,
F-265,176.69385,load_FR,,,,,,
F-266,176.69385,load_FR,,,,,,
F-268,176.4446343,load_FR,,,,,,
F-27,106.4150549,load_FR,,,,,,
F-270,279.5949651,load_FR,,,,,,
F-271,279.5949651,load_FR,,,,,,
F-272,158.7752494,load_FR,,,,,,
F-273,176.69385,load_FR,,,,,,
F-274,279.5949651,load_FR,,,,,,
F-276,279.5949651,load_FR,,,,,,
F-278,158.7752494,load_FR,,,,,,
F-280,279.5949651,load_FR,,,,,,
F-285,158.7752494,load_FR,,,,,,
F-287,279.5949651,load_FR,,,,,,
F-288,279.5949651,load_FR,,,,,,
F-289,176.69385,load_FR,,,,,,
F-29,168.3202063,load_FR,,,,,,
F-290,158.7752494,load_FR,,,,,,
F-291,279.5949651,load_FR,,,,,,
F-292,176.4446343,load_FR,,,,,,
F-293,279.5949651,load_FR,,,,,,
F-294,158.7752494,load_FR,,,,,,
F-295,158.7752494,load_FR,,,,,,
F-296,158.7752494,load_FR,,,,,,
F-297,279.5949651,load_FR,,,,,,
F-298,176.4446343,load_FR,,,,,,
F-299,279.5949651,load_FR,,,,,,
F-3,539.9193351,load_FR,,,,,,
F-30,168.3202063,load_FR,,,,,,
F-300,176.4446343,load_FR,,,,,,
F-301,145.1680784,load_FR,,,,,,
F-302,145.1680784,load_FR,,,,,,
F-303,279.5949651,load_FR,,,,,,
F-305,279.5949651,load_FR,,,,,,
F-306,279.5949651,load_FR,,,,,,
F-307,176.4446343,load_FR,,,,,,
F-308,158.7752494,load_FR,,,,,,
F-309,158.7752494,load_FR,,,,,,
F-31,134.6262591,load_FR,,,,,,
F-310,279.5949651,load_FR,,,,,,
F-311,176.69385,load_FR,,,,,,
F-312,158.7752494,load_FR,,,,,,
F-313,158.7752494,load_FR,,,,,,
F-314,158.7752494,load_FR,,,,,,
F-315,169.5662842,load_FR,,,,,,
F-316,176.4446343,load_FR,,,,,,
F-317,169.5662842,load_FR,,,,,,
F-318,239.2469618,load_FR,,,,,,
F-319,176.4446343,load_FR,,,,,,
F-322,176.4446343,load_FR,,,,,,
F-33,134.6262591,load_FR,,,,,,
F-35,134.6262591,load_FR,,,,,,
F-36,134.6262591,load_FR,,,,,,
F-37,168.3202063,load_FR,,,,,,
F-38,156.7752943,load_FR,,,,,,
F-4,539.9193351,load_FR,,,,,,
F-40,134.6262591,load_FR,,,,,,
F-42,168.3202063,load_FR,,,,,,
F-43,106.4150549,load_FR,,,,,,
F-44,134.6262591,load_FR,,,,,,
F-45,168.3202063,load_FR,,,,,,
F-46/47,106.4150549,load_FR,,,,,,
F-48,156.7752943,load_FR,,,,,,
F-49,134.6262591,load_FR,,,,,,
F-5,539.9193351,load_FR,,,,,,
F-50,312.7593291,load_FR,,,,,,
F-51,451.6409444,load_FR,,,,,,
F-52,94.30317746,load_FR,,,,,,
F-53,168.3202063,load_FR,,,,,,
F-54,312.7593291,load_FR,,,,,,
F-55,106.4150549,load_FR,,,,,,
F-56,134.6262591,load_FR,,,,,,
F-57,795.84505,load_FR,,,,,,
F-61,168.3202063,load_FR,,,,,,
F-62,168.3202063,load_FR,,,,,,
F-64,795.84505,load_FR,,,,,,
F-65,795.84505,load_FR,,,,,,
F-66,156.7752943,load_FR,,,,,,
F-67,795.84505,load_FR,,,,,,
F-68,156.7752943,load_FR,,,,,,
F-69,106.4150549,load_FR,,,,,,
F-6Aveli,477.8708847,load_FR,,,,,,
F-7,539.9193351,load_FR,,,,,,
F-70,795.84505,load_FR,,,,,,
F-71,451.6409444,load_FR,,,,,,
F-72,156.7752943,load_FR,,,,,,
F-73,140.1837667,load_FR,,,,,,
F-75,106.4150549,load_FR,,,,,,
F-76,795.84505,load_FR,,,,,,
F-77,795.84505,load_FR,,,,,,
F-78,795.84505,load_FR,,,,,,
F-79,138.5077919,load_FR,,,,,,
F-80,138.1962724,load_FR,,,,,,
F-81,795.84505,load_FR,,,,,,
F-82,143.7787015,load_FR,,,,,,
F-83,157.3609509,load_FR,,,,,,
F-84,136.3271556,load_FR,,,,,,
F-86,157.3609509,load_FR,,,,,,
F-87,106.4150549,load_FR,,,,,,
F-88,171.4727834,load_FR,,,,,,
F-9,539.9193351,load_FR,,,,,,
F-90,421.9157554,load_FR,,,,,,
F-91,198.7494292,load_FR,,,,,,
F-92,136.3271556,load_FR,,,,,,
F-93,156.7752943,load_FR,,,,,,
F-94,171.4727834,load_FR,,,,,,
F-95,136.3271556,load_FR,,,,,,
F-96,106.4150549,load_FR,,,,,,
F-97,156.7752943,load_FR,,,,,,
F-99,143.7787015,load_FR,,,,,,
Fadalto,228.4336096,load_IT,,,,,,
Fano,281.1919726,load_IT,,,,,,
Fantanele,45.52685421,load_RO,,,,,,
favara,260.6329477,load_IT,,,,,,
Feroleto,130.1694621,load_IT,,,,,,
Ferrara,384.8088548,load_IT,,,,,,
Filesti,25.95908574,load_RO,,,,,,
Fillipi,245.4736532,load_GR,,,,,,
Flero,728.5524333,load_IT,,,,,,
Florina,248.9098617,load_GR,,,,,,
Foggia,705.7769239,load_IT,,,,,,
Forti,384.8088548,load_IT,,,,,,
Foscani Vest,26.377516,load_RO,,,,,,
FromUkrainaWest2,271,const,,,,,,
Fundeni,93.12124623,load_RO,,,,,,
fusina,286.2808401,load_IT,,,,,,
G. Ialomitei,41.72816373,load_RO,,,,,,
Gacko,11.7851124,load_BA,,,,,,
Gadalin,37.78999649,load_RO,,,,,,
galatina,705.7769239,load_IT,,,,,,
Gariglia,528.7220288,load_IT,,,,,,
Gheorghieni,45.52685421,load_RO,,,,,,
Ghizdaru,88.28058234,load_RO,,,,,,
Ghorna Oryakhovitsa,88.56264,load_BG,,,,,,
Glogovac,36.57317972,load_RS,,,,,,
Gorlago,728.5524333,load_IT,,,,,,
Gradacac,45.5806553,load_BA,,,,,,
Gradiste,86.43456644,load_RO,,,,,,
Gutinas,36.2721612,load_RO,,,,,,
H-1,60.63249932,load_HU,,,,,,
H-10,724.6050071,load_HU,,,,,,
H-11,301.0636793,load_HU,,,,,,
H-12,251.4616308,load_HU,,,,,,
H-13,395.0285064,load_HU,,,,,,
H-16,287.6623423,load_HU,,,,,,
H-17,305.4945158,load_HU,,,,,,
H-18,174.6682384,load_HU,,,,,,
H-19,287.6623423,load_HU,,,,,,
H-2,76.02382606,load_HU,,,,,,
H-22,148.5029829,load_HU,,,,,,
H-23,58.97676567,load_HU,,,,,,
H-25,248.7487151,load_HU,,,,,,
H-3,76.02382606,load_HU,,,,,,
H-4,76.02382606,load_HU,,,,,,
H-6,463.628738,load_HU,,,,,,
H-8,323.7464527,load_HU,,,,,,
H-9,251.4616308,load_HU,,,,,,
Hasdat,43.85313313,load_RO,,,,,,
I_xx,493.3261279,load_IT,,,,,,
I_xx2,111.2087186,load_IT,,,,,,
I_xx3,286.2808401,load_IT,,,,,,
I_xx4,338.6320938,load_IT,,,,,,
Iasi,228.7746987,load_RO,,,,,,
Isaccea,52.21353402,load_RO,,,,,,
Jablanica,8.129836894,load_BA,,,,,,
Jagodina,14.52897729,load_RS,,,,,,
Jajce,41.29515988,load_BA,,,,,,
Jenica,89.80633778,load_BA,,,,,,
Kakanj,38.48280351,load_BA,,,,,,
Kardia,112.4086328,load_GR,,,,,,
Karnobat,157.4924617,load_BG,,,,,,
Kazichane,47.55241793,load_BG,,,,,,
Kosovo A,167.3683228,load_RS,,,,,,
Kosovo A 220,36.57317972,load_RS,,,,,,
Kosovo B,297.8337302,load_RS,,,,,,
Koumoundourou,581.7680965,load_GR,,,,,,
Kozloduy,282.3549428,load_BG,,,,,,
Kragujevac,164.9159139,load_RS,,,,,,
Kraljevo,63.68706785,load_RS,,,,,,
Kremikovtsi,47.55241793,load_BG,,,,,,
Krusevac,48.10018866,load_RS,,,,,,
Lacu Sarat,52.21353402,load_RO,,,,,,
Lagadas,255.2187091,load_GR,,,,,,
laino,130.1694621,load_IT,,,,,,
Lamia,49.7036988,load_GR,,,,,,
Larino,528.7220288,load_IT,,,,,,
Larisa,262.6546956,load_GR,,,,,,
Larymna,40.89009803,load_GR,,,,,,
Latiana,636.0707472,load_IT,,,,,,
Lavis,338.6320938,load_IT,,,,,,
Lernut,37.78999649,load_RO,,,,,,
Leskovac,69.86274188,load_RS,,,,,,
Leyni,371.2083851,load_IT,,,,,,
Lona,728.5524333,load_IT,,,,,,
lonato,286.2808401,load_IT,,,,,,
Lx-1,236.5274938,load_LU,,,,,,
Lx-2,236.5274938,load_LU,,,,,,
Lx-3,241.7851951,load_LU,,,,,,
Madara,114.3139691,load_BG,,,,,,
Magliano,371.2083851,load_IT,,,,,,
Mantevia,286.2808401,load_IT,,,,,,
Marcatia,728.5524333,load_IT,,,,,,
Maritsa,49.55246066,load_BG,,,,,,
Maritsa 2,49.54623001,load_BG,,,,,,
Maritsa 3,49.54623001,load_BG,,,,,,
Martigno,384.8088548,load_IT,,,,,,
Matera,130.1694621,load_IT,,,,,,
Mercallo,371.2083851,load_IT,,,,,,
Metalurgichna,85.58438322,load_BG,,,,,,
Mintia,102.3595302,load_RO,,,,,,
misterbi,260.6329477,load_IT,,,,,,
Mitrovica,140.426172,load_RS,,,,,,
Mizia,143.6292372,load_BG,,,,,,
Mladost,303.4254975,load_RS,,,,,,
Mojkovac,27.12724175,load_ME,,,,,,
Monfalco,577.4922275,load_IT,,,,,,
Montecor,528.7220288,load_IT,,,,,,
Mostar,55.04970951,load_BA,,,,,,
Mostistea,93.12124623,load_RO,,,,,,
Munteni,127.2438244,load_RO,,,,,,
Nadab,214.9582953,load_RO,,,,,,
Nea Santa,490.9473064,load_GR,,,,,,
Nis,234.6481354,load_RS,,,,,,
NL_Henge,519.1777037,load_NL,,,,,,
NL_Meede,292.1320607,load_NL,,,,,,
NL-14,1540.883097,load_NL,,,,,,
NL-16,1616.564978,load_NL,,,,,,
NL-19,1767.580603,load_NL,,,,,,
NL-2,481.609218,load_NL,,,,,,
NL-20,1842.853803,load_NL,,,,,,
NL-22,1767.92874,load_NL,,,,,,
NL-3,481.609218,load_NL,,,,,,
NL-6,481.609218,load_NL,,,,,,
NL-7,481.609218,load_NL,,,,,,
NL-8,481.609218,load_NL,,,,,,
NL-9,481.609218,load_NL,,,,,,
NL-new1,454.091286,load_NL,,,,,,
Nogarole,286.2808401,load_IT,,,,,,
Novisad,107.7479947,load_RS,,,,,,
Obraztsow Chiflik,88.56264,load_BG,,,,,,
Oradea,167.6510613,load_RO,,,,,,
p d sper,493.3261279,load_IT,,,,,,
P Tamuno,728.5524333,load_IT,,,,,,
P-10,98.28048292,load_PT,,,,,,
P-11,240.635272,load_PT,,,,,,
P-12,78.07027874,load_PT,,,,,,
P-13,98.28048292,load_PT,,,,,,
P-14,146.9522759,load_PT,,,,,,
P-16,428.0079564,load_PT,,,,,,
P-17,98.28048292,load_PT,,,,,,
P-18,285.6464751,load_PT,,,,,,
P-19,267.6848235,load_PT,,,,,,
P-2,1090.815656,load_PT,,,,,,
P-21,898.2632699,load_PT,,,,,,
P-22,511.5858504,load_PT,,,,,,
P-23,143.2113806,load_PT,,,,,,
P-3,48.67848515,load_PT,,,,,,
P-6,1136.154773,load_PT,,,,,,
Padricia,125.1484462,load_IT,,,,,,
Palini,585.8618028,load_GR,,,,,,
Pallanze,220.1406403,load_IT,,,,,,
Pancevo,127.9099562,load_RS,,,,,,
Parma V,384.8088548,load_IT,,,,,,
partanna,558.64457,load_IT,,,,,,
partinic,260.6329477,load_IT,,,,,,
patemo,260.6329477,load_IT,,,,,,
Pelicanu,49.44861243,load_RO,,,,,,
Perucica,87.68879182,load_ME,,,,,,
Pestis,43.85313313,load_RO,,,,,,
Piossasi,371.2083851,load_IT,,,,,,
Pisticci,130.1694621,load_IT,,,,,,
Pitesti Sud,54.78975175,load_RO,,,,,,
Piva,27.12724175,load_ME,,,,,,
PL-10,191.288751,load_PL,,,,,,
PL-11,231.7252727,load_PL,,,,,,
PL-13,191.288751,load_PL,,,,,,
PL-14,231.7252727,load_PL,,,,,,
PL-15,223.922156,load_PL,,,,,,
PL-16,231.7252727,load_PL,,,,,,
PL-17,231.7252727,load_PL,,,,,,
PL-18,223.922156,load_PL,,,,,,
PL-19,191.288751,load_PL,,,,,,
PL-2,216.2394577,load_PL,,,,,,
PL-20,223.922156,load_PL,,,,,,
PL-21,247.347562,load_PL,,,,,,
PL-22,223.922156,load_PL,,,,,,
PL-23,223.922156,load_PL,,,,,,
PL-24,191.288751,load_PL,,,,,,
PL-25,223.922156,load_PL,,,,,,
PL-26,223.922156,load_PL,,,,,,
PL-27,223.922156,load_PL,,,,,,
PL-3,325.03353,load_PL,,,,,,
PL-30,247.347562,load_PL,,,,,,
PL-31,150.8201177,load_PL,,,,,,
PL-32,247.347562,load_PL,,,,,,
PL-33,247.347562,load_PL,,,,,,
PL-35,163.2151921,load_PL,,,,,,
PL-36,163.2151921,load_PL,,,,,,
PL-38,231.0910688,load_PL,,,,,,
PL-39,231.0910688,load_PL,,,,,,
PL-4,216.2394577,load_PL,,,,,,
PL-40,231.0910688,load_PL,,,,,,
PL-41,223.922156,load_PL,,,,,,
PL-42,163.2151921,load_PL,,,,,,
PL-43,163.2151921,load_PL,,,,,,
PL-44,247.347562,load_PL,,,,,,
PL-45,163.2151921,load_PL,,,,,,
PL-46,231.0910688,load_PL,,,,,,
PL-47,223.922156,load_PL,,,,,,
PL-48,247.347562,load_PL,,,,,,
PL-5,325.03353,load_PL,,,,,,
PL-50,150.9244803,load_PL,,,,,,
PL-51,163.2151921,load_PL,,,,,,
PL-52,150.8201177,load_PL,,,,,,
PL-53,145.1845334,load_PL,,,,,,
PL-54,144.6306084,load_PL,,,,,,
PL-56,231.0910688,load_PL,,,,,,
PL-57,145.1845334,load_PL,,,,,,
PL-58,144.6306084,load_PL,,,,,,
PL-59,145.1845334,load_PL,,,,,,
PL-6,325.03353,load_PL,,,,,,
PL-60,212.2255087,load_PL,,,,,,
PL-61,144.6306084,load_PL,,,,,,
PL-62,144.6306084,load_PL,,,,,,
PL-63,212.2255087,load_PL,,,,,,
PL-64,145.1845334,load_PL,,,,,,
PL-65,212.2255087,load_PL,,,,,,
PL-67,212.2255087,load_PL,,,,,,
PL-68,185.4444413,load_PL,,,,,,
PL-69,212.2255087,load_PL,,,,,,
PL-7,216.2394577,load_PL,,,,,,
PL-70,357.2976516,load_PL,,,,,,
PL-71,145.1845334,load_PL,,,,,,
PL-72,357.2976516,load_PL,,,,,,
PL-74,314.0834772,load_PL,,,,,,
PL-75,145.1845334,load_PL,,,,,,
PL-76,477.9409011,load_PL,,,,,,
PL-77,212.2255087,load_PL,,,,,,
PL-78,145.1845334,load_PL,,,,,,
PL-79,107.5738317,load_PL,,,,,,
PL-8,537.4597361,load_PL,,,,,,
PL-82,357.2976516,load_PL,,,,,,
PL-83,145.1845334,load_PL,,,,,,
PL-84,212.2255087,load_PL,,,,,,
PL-85,357.2976516,load_PL,,,,,,
PL-88,212.2255087,load_PL,,,,,,
PL-95,212.2255087,load_PL,,,,,,
PL-96,441.5343842,load_PL,,,,,,
Pleven,143.6292372,load_BG,,,,,,
Pljevja,27.12724175,load_ME,,,,,,
Plovdiv,254.3605752,load_BG,,,,,,
Podgoritsa,87.68879182,load_ME,,,,,,
Podgoritsa 220KV,87.68879182,load_ME,,,,,,
Podujevo,135.9266543,load_RS,,,,,,
Popoli,203.6753266,load_IT,,,,,,
Pordenon,238.4002509,load_IT,,,,,,
Pozega,61.68117594,load_RS,,,,,,
Prijedor,48.48754465,load_BA,,,,,,
Prizren,167.3683228,load_RS,,,,,,
ragusa,260.6329477,load_IT,,,,,,
Resita,93.12124623,load_RO,,,,,,
Ribarevine,27.12724175,load_ME,,,,,,
rizzconi,130.1694621,load_IT,,,,,,
Roma /S.,636.0707472,load_IT,,,,,,
Roman Nord,155.5986286,load_RO,,,,,,
Rosa,281.1919726,load_IT,,,,,,
Rosiori,83.82553064,load_RO,,,,,,
rotonda,130.1694621,load_IT,,,,,,
S. Colom,161.1851674,load_IT,,,,,,
S. Damas,384.8088548,load_IT,,,,,,
S. Giaco,203.6753266,load_IT,,,,,,
Sabac,75.85293961,load_RS,,,,,,
Sacalaz,56.78344892,load_RO,,,,,,
Salaj,78.30389199,load_RO,,,,,,
Salgared,286.2808401,load_IT,,,,,,
San Mart,384.8088548,load_IT,,,,,,
sandra,286.2808401,load_IT,,,,,,
Sandrigo,286.2808401,load_IT,,,,,,
Sarajevo 10,257.003681,load_BA,,,,,,
Sarajevo 20,138.3805377,load_BA,,,,,,
Sardanesti,22.98084676,load_RO,,,,,,
Sbobran,107.7479947,load_RS,,,,,,
scandale,130.1694621,load_IT,,,,,,
Scorze,286.2808401,load_IT,,,,,,
Sibiu,117.9316999,load_RO,,,,,,
SK-1,219.1306076,load_SK,,,,,,
SK-10,141.6712708,load_SK,,,,,,
SK-11,141.6712708,load_SK,,,,,,
SK-12,14.57444445,load_SK,,,,,,
SK-13,122.4636871,load_SK,,,,,,
SK-14,167.9896491,load_SK,,,,,,
SK-16,122.4636871,load_SK,,,,,,
SK-17,122.4636871,load_SK,,,,,,
SK-18,152.8705807,load_SK,,,,,,
SK-2,296.091345,load_SK,,,,,,
SK-20,625.9340351,load_SK,,,,,,
SK-22,89.74789474,load_SK,,,,,,
SK-23,166.1640082,load_SK,,,,,,
SK-24,152.8705807,load_SK,,,,,,
SK-3,96.03024737,load_SK,,,,,,
SK-4,141.6712708,load_SK,,,,,,
SK-7,19.17690058,load_SK,,,,,,
SK-8,96.03024737,load_SK,,,,,,
SK-9,96.03024737,load_SK,,,,,,
Skopje 1,184.6973012,load_MK,,,,,,
Skopje 5,93.98028007,load_MK,,,,,,
Skpje 4,177.3510276,load_MK,,,,,,
Slatina,201.6997989,load_RO,,,,,,
Smardan,121.1232562,load_RO,,,,,,
Smederevo,69.03153325,load_RS,,,,,,
Sofia,47.55241793,load_BG,,,,,,
Sofia-Jug,47.55241793,load_BG,,,,,,
Sofia-Zapad,85.58438322,load_BG,,,,,,
Staplu,138.2542837,load_RO,,,,,,
Stara Zagora,49.55246066,load_BG,,,,,,
Stip,269.1558016,load_MK,,,,,,
Stolnik,85.58438322,load_BG,,,,,,
Stomana,47.55241793,load_BG,,,,,,
Subotica,459.8507182,load_RS,,,,,,
Suceava,360.9986639,load_RO,,,,,,
SV-2,251.7085595,load_Sl,,,,,,
SV-3,731.4519867,load_Sl,,,,,,
SV-5,251.7085595,load_Sl,,,,,,
SV-6,251.7085595,load_Sl,,,,,,
SV-8,23.1255312,load_Sl,,,,,,
Tantareni,53.63291512,load_RO,,,,,,
Targoviste,34.4835769,load_RO,,,,,,
Targu Jiu,22.98084676,load_RO,,,,,,
Teleajean,34.4835769,load_RO,,,,,,
TENT A (Tesla),303.4254975,load_RS,,,,,,
TENT B (Tesla),303.4254975,load_RS,,,,,,
Teramo,203.6753266,load_IT,,,,,,
Teshel,73.25390168,load_BG,,,,,,
Thessaloniki,919.7141115,load_GR,,,,,,
Tihau,78.30389199,load_RO,,,,,,
Timisoara,132.5111231,load_RO,,,,,,
to Sarde,57.76430088,load_IT,,,,,,
ToBIH,109.4168899,load_HR,,,,,,
Tr. Magurele,122.0421619,load_RO,,,,,,
Trebinje,30.08512316,load_BA,,,,,,
Trikala,148.5162174,load_GR,,,,,,
Tsarevets,88.56264,load_BG,,,,,,
Tulcea,72.24075534,load_RO,,,,,,
Tuzla,89.80633778,load_BA,,,,,,
Tvyrditsa,119.8467975,load_BG,,,,,,
Udine,238.4002509,load_IT,,,,,,
Ugljevik,64.43210848,load_BA,,,,,,
Ungheni,23.28441382,load_RO,,,,,,
Urchesti,53.63291512,load_RO,,,,,,
Uzundjovo,49.54623001,load_BG,,,,,,
Valjevo,114.9197452,load_RS,,,,,,
Valmonto,636.0707472,load_IT,,,,,,
Varna1299,114.3139691,load_BG,,,,,,
Varna1335,114.3139691,load_BG,,,,,,
Vellai,286.2808401,load_IT,,,,,,
venaus,226.1794297,load_IT,,,,,,
Vetis,83.82553064,load_RO,,,,,,
Vetren,238.9521463,load_BG,,,,,,
Villanov,203.6753266,load_IT,,,,,,
Villaval,636.0707472,load_IT,,,,,,
Vrotok,85.34919672,load_MK,,,,,,
Zemblak,853.0821918,load_AL,,,,,,
Zlatisa,85.58438322,load_BG,,,,,,
Zrenjanin,132.5880807,load_RS,,,,,,
MA-00,304.9617587,load_MA,,,,,,
MA-01,30.27710143,load_MA,,,,,,
MA-02,11.62951852,load_MA,,,,,,
MA-04,10.94983345,load_MA,,,,,,
MA-05,27.46938948,load_MA,,,,,,
MA-06,22.62845655,load_MA,,,,,,
MA-07,0,load_MA,,,,,,
MA-08,0,load_MA,,,,,,
MA-09,42.04518235,load_MA,,,,,,
MA-10,36.23042309,load_MA,,,,,,
MA-11,53.66983904,load_MA,,,,,,
MA-12,66.64608692,load_MA,,,,,,
MA-13,17.44427779,load_MA,,,,,,
MA-14,37.91893973,load_MA,,,,,,
MA-15,24.60090458,load_MA,,,,,,
MA-16,0,load_MA,,,,,,
MA-18,97.9563291,load_MA,,,,,,
MA-19,340.7016225,load_MA,,,,,,
MA-20,70.26426739,load_MA,,,,,,
MA-21,68.88253279,load_MA,,,,,,
MA-22,175.5785034,load_MA,,,,,,
MA-23,62.62048435,load_MA,,,,,,
MA-24,68.71674409,load_MA,,,,,,
MA-25,234.2273516,load_MA,,,,,,
MA-26,0,load_MA,,,,,,
MA-27,7.156626784,load_MA,,,,,,
MA-28,30.68841298,load_MA,,,,,,
MA-29,256.6496662,load_MA,,,,,,
MA-30,0,load_MA,,,,,,
MA-31,0,load_MA,,,,,,
MA-32,153.558749,load_MA,,,,,,
MA-33,28.62650713,load_MA,,,,,,
MA-34,22.36445869,load_MA,,,,,,
MA-35,344.9960847,load_MA,,,,,,
MA-36,0,load_MA,,,,,,
MA-37,320.1598671,load_MA,,,,,,
MA-38,395.6034513,load_MA,,,,,,
MA-39,94.52046758,load_MA,,,,,,
MA-40,86.72937083,load_MA,,,,,,
MA-41,134.0720128,load_MA,,,,,,
MA-42,0,load_MA,,,,,,
MA-43,88.03817785,load_MA,,,,,,
MA-44,59.04217096,load_MA,,,,,,
GB-Sellindge,1718,const,,,,,,
GB-Isle of Grain,896,const,,,,,,
TR-Hamitabat,605,const,,,,,,
NO-Kristiansand,1603,load_tx_dk_no,,,,,,
SE-Lindome,737,load_tx_dk1_se3,,,,,,
SE-Soderasen,1619,load_tx_dk2_se4,,,,,,
SE-Kruseberg,595,load_tx_de_se,,,,,,
