node_from,node_to,reactance,capacity
P-1,P-2,0.02348,inf
P-1,P-2,0.02345,inf
P-1,E-55,0.02073,718.4335982
P-6,P-2,0.01533,inf
P-6,P-2,0.01603,inf
P-4,P-3,0.05409,inf
P-5,P-3,0.08701,inf
P-4,P-9,0.10355,inf
P-9,P-4,0.10192,inf
P-5,P-7,0.03086,inf
P-6,P-7,0.03288,inf
P-6,P-7,0.06928,inf
P-6,P-7,0.07738,inf
P-7,P-6,0.0342,inf
P-11,P-6,0.06738,inf
P-21,P-6,0.08181,inf
P-21,P-6,0.08486,inf
P-7,P-9,0.03422,inf
P-9,P-7,0.10063,inf
P-10,P-9,0.0695,inf
P-10,P-9,0.07077,inf
P-9,E-103,0.0596,574.5913734
P-9,E-109,0.04468,93.3030647
P-12,P-10,0.05734,inf
P-14,P-10,0.06538,inf
P-13,P-11,0.04151,inf
P-14,P-12,0.03911,inf
P-13,P-16,0.04595,inf
P-16,P-14,0.10509,inf
P-16,P-14,0.10067,inf
P-16,P-15,0.0239,inf
P-16,P-17,0.05326,inf
P-16,P-18,0.07751,inf
P-18,P-17,0.05277,inf
P-21,P-18,0.05854,inf
P-21,P-18,0.04853,inf
P-20,P-19,0.02887,inf
P-19,E-141,0.00575,336.9277336
P-21,P-20,0.03769,inf
P-21,P-22,0.06336,inf
P-21,P-22,0.03603,inf
P-22,P-21,0.02275,inf
P-23,P-21,0.1024,inf
P-21,P-24,0.0365,inf
P-23,P-22,0.04487,inf
P-24,P-22,0.02735,inf
P-26,P-24,0.05243,inf
P-26,P-24,0.04553,inf
P-26,E-166,0.08605,331.74423
E-3,E-1,0.02092,inf
E-3,E-1,0.01888,inf
E-2,E-4,0.01544,inf
E-7,E-2,0.04173,inf
E-5,E-3,0.02338,inf
E-45,E-3,0.0358,inf
E-4,E-7,0.03084,inf
E-5,E-10,0.05167,inf
E-5,E-12,0.09907,inf
E-5,E-16,0.05288,inf
E-5,E-22,0.05976,inf
E-5,E-37,0.11974,inf
E-5,E-55,0.12431,inf
E-7,E-6,0.02725,inf
E-11,E-6,0.18509,inf
E-11,E-6,0.18427,inf
E-7,E-8,0.01114,inf
E-9,E-7,0.01922,inf
E-7,E-23,0.13426,inf
E-7,E-27,0.02187,inf
E-8,E-27,0.03249,inf
E-14,E-11,0.03555,inf
E-18,E-11,0.02622,inf
E-19,E-13,0.01839,inf
E-13,E-21,0.03107,inf
E-13,E-21,0.03587,inf
E-13,E-25,0.02353,inf
E-18,E-14,0.02651,inf
E-14,E-40,0.10463,inf
E-19,E-E_Arka,0.02113,inf
E-25,E-E_Arka,0.03257,inf
E-25,E-E_Arka,0.0209,inf
E-E_Arka,F_canteg,0.08118,237.3007789
E-E_Arka,F_Mougue,0.08438,70.75194727
E-20,E-16,0.04046,inf
E-21,E-17,0.02078,inf
E-17,E-24,0.04416,inf
E-30,E-18,0.03793,inf
E-33,E-18,0.04225,inf
E-21,E-36,0.07579,inf
E-21,E-40,0.01624,inf
E-46,E-21,0.0555,inf
E-21,E-64,0.1284,inf
E-31,E-22,0.06678,inf
E-23,E-39,0.05378,inf
E-24,E-25,0.03258,inf
E-24,E-35,0.03903,inf
E-34,E-25,0.04732,inf
E-35,E-25,0.01855,inf
E-40,E-25,0.04336,inf
E-25,E-41,0.11351,inf
E-25,E-41,0.1083,inf
E-39,E-26,0.06031,inf
E-27,E-30,0.03914,inf
E-39,E-27,0.04515,inf
E-81,E-27,0.02751,inf
E-32,E-28,0.02997,inf
E-45,E-29,0.01599,inf
E-30,E-46,0.02292,inf
E-31,E-50,0.04521,inf
E-33,E-32,0.09463,inf
E-32,E-64,0.07783,inf
E-35,E-34,0.03497,inf
E-35,E-71,0.09639,inf
E-64,E-36,0.08339,inf
E-37,E-39,0.12575,inf
E-55,E-37,0.06433,inf
E-37,E-56,0.06031,inf
E-43,E-38,0.02955,inf
E-39,E-45,0.00605,inf
E-39,E-49,0.0435,inf
E-52,E-39,0.02757,inf
E-56,E-39,0.02861,inf
E-39,E-81,0.23205,inf
E-40,E-43,0.03905,inf
E-46,E-40,0.0479,inf
E-40,E-71,0.07112,inf
E-73,E-40,0.07379,inf
E-41,E-53,0.05136,inf
E-58,E-41,0.04502,inf
E-42,E-62,0.01924,inf
E-43,E-61,0.07118,inf
E-64,E-43,0.11507,inf
E-44,E-45,0.04837,inf
E-45,E-49,0.0397,inf
E-45,E-81,0.20714,inf
E-45,E-81,0.06601,inf
E-81,E-45,0.03247,inf
E-49,E-46,0.05862,inf
E-49,E-46,0.05993,inf
E-46,E-71,0.02719,inf
E-55,E-47,0.0549,inf
E-56,E-47,0.05105,inf
E-56,E-47,0.05089,inf
E-48,E-59,0.02887,inf
E-50,E-55,0.06329,inf
E-50,E-55,0.02933,inf
E-53,E_Biesca,0.12732,inf
E_Biesca,E-60,0.07673,inf
E_Biesca,E-83,0.07719,inf
E_Biesca,F_pragne,0.04977,38.19352906
E-56,E-52,0.01579,inf
E-54,E-91,0.04348,inf
E-55,E-56,0.01766,inf
E-56,E-63,0.05234,inf
E-56,E-67,0.04809,inf
E-56,E-74,0.14331,inf
E-60,E-57,0.04475,inf
E-73,E-58,0.06533,inf
E-59,E-69,0.05018,inf
E-59,E-72,0.10203,inf
E-69,E-60,0.10716,inf
E-61,E-65,0.04601,inf
E-66,E-62,0.0734,inf
E-69,E-62,0.03013,inf
E-63,E-68,0.04796,inf
E-64,E-75,0.11827,inf
E-75,E-64,0.12187,inf
E-65,E-70,0.03254,inf
E-66,E-79,0.06485,inf
E-68,E-81,0.21646,inf
E-69,E-94,0.13996,inf
E-98,E-69,0.08512,inf
E-70,E-73,0.02965,inf
E-71,E-81,0.01991,inf
E-103,E-71,0.09607,inf
E-103,E-71,0.09022,inf
E-71,E-122,0.08139,inf
E-82,E-72,0.06157,inf
E-73,E-80,0.03486,inf
E-83,E-73,0.03857,inf
E-92,E-74,0.16496,inf
E-75,E-81,0.0583,inf
E-81,E-75,0.06619,inf
E_Vic,E-76,0.08493,inf
E_Vic,E-87,0.05131,inf
E-98,E_Vic,0.0295,inf
E_Vic,F_Baixas,0.0424,698.7537448
E-78,E-86,0.05339,inf
E-79,E-104,0.03647,inf
E-80,E-84,0.04456,inf
E-80,E-86,0.03123,inf
E-80,E-96,0.04252,inf
E-120,E-80,0.02618,inf
E-81,E-85,0.04398,inf
E-90,E-81,0.0701,inf
E-81,E-92,0.01375,inf
E-99,E-81,0.10867,inf
E-81,E-116,0.04299,inf
E-81,E-122,0.08242,inf
E-82,E-91,0.0319,inf
E-83,E-95,0.03008,inf
E-83,E-95,0.02432,inf
E-83,E-107,0.04107,inf
E-112,E-83,0.03916,inf
E-84,E-95,0.07594,inf
E-92,E-85,0.03121,inf
E-118,E-85,0.12049,inf
E-87,E-91,0.05426,inf
E-89,E-88,0.07926,inf
E-89,E-88,0.08552,inf
E-90,E-89,0.02787,inf
E-90,E-103,0.07524,inf
E-90,E-103,0.03801,inf
E-90,E-111,0.07034,inf
E-94,E-91,0.01711,inf
E-98,E-91,0.05224,inf
E-108,E-91,0.0537,inf
E-114,E-91,0.03535,inf
E-92,E-101,0.0145,inf
E-103,E-92,0.06064,inf
E-92,E-123,0.06756,inf
E-93,E-100,0.08545,inf
E-104,E-93,0.06601,inf
E-94,E-98,0.07012,inf
E-94,E-105,0.00514,inf
E-117,E-94,0.02375,inf
E-95,E-97,0.02835,inf
E-97,E-107,0.05178,inf
E-98,E-102,0.02666,inf
E-104,E-98,0.06966,inf
E-105,E-98,0.01128,inf
E-98,E-106,0.01936,inf
E-108,E-98,0.06811,inf
E-107,E-99,0.09032,inf
E-100,E-113,0.04968,inf
E-109,E-103,0.03974,inf
E-109,E-103,0.00557,inf
E-103,E-111,0.11191,inf
E-104,E-107,0.10932,inf
E-107,E-104,0.03017,inf
E-104,E-114,0.02568,inf
E-110,E-105,0.021,inf
E-114,E-105,0.02527,inf
E-106,E-113,0.10249,inf
E-115,E-107,0.21881,inf
E-107,E-119,0.08289,inf
E-115,E-108,0.04847,inf
E-109,E-140,0.03534,inf
E-117,E-110,0.02836,inf
E-112,E-114,0.01808,inf
E-112,E-135,0.0481,inf
E-114,E-117,0.04989,inf
E-117,E-114,0.00659,inf
E-123,E-116,0.03363,inf
E-126,E-117,0.03501,inf
E-125,E-118,0.09905,inf
E-130,E-120,0.0219,inf
E-144,E-120,0.02627,inf
E-121,E-122,0.01077,inf
E-121,E-123,0.01845,inf
E-122,E-124,0.03965,inf
E-124,E-122,0.03769,inf
E-125,E-122,0.04145,inf
E-125,E-122,0.03723,inf
E-127,E-122,0.017,inf
E-122,E-130,0.04576,inf
E-122,E-130,0.00883,inf
E-123,E-125,0.02037,inf
E-125,E-127,0.01796,inf
E-125,E-130,0.01204,inf
E-125,E-131,0.17768,inf
E-140,E-125,0.05181,inf
E-126,E-135,0.03026,inf
E-127,E-130,0.00701,inf
E-127,E-134,0.11528,inf
E-136,E-127,0.03235,inf
E-138,E-127,0.23442,inf
E-142,E-127,0.32483,inf
E-130,E-128,0.03349,inf
E-142,E-129,0.08044,inf
E-130,E-132,0.04328,inf
E-133,E-130,0.05558,inf
E-140,E-130,0.06071,inf
E-144,E-130,0.06981,inf
E-148,E-130,0.13266,inf
E-131,E-142,0.13015,inf
E-136,E-132,0.04445,inf
E-139,E-133,0.02528,inf
E-133,E-150,0.02157,inf
E-134,E-144,0.11281,inf
E-135,E-146,0.07019,inf
E-135,E-148,0.02909,inf
E-135,E-148,0.0303,inf
E-136,E-143,0.02117,inf
E-147,E-136,0.06985,inf
E-142,E-137,0.04552,inf
E-145,E-137,0.07987,inf
E-139,E-141,0.02603,inf
E-145,E-139,0.0625,inf
E-164,E-140,0.07042,inf
E-140,E-169,0.10527,inf
E-154,E-142,0.13029,inf
E-149,E-143,0.03568,inf
E-151,E-144,0.06836,inf
E-144,E-156,0.02762,inf
E-148,E-146,0.04223,inf
E-147,E-155,0.0866,inf
E-148,E-151,0.04166,inf
E-148,E-151,0.01328,inf
E-148,E-151,0.06,inf
E-152,E-148,0.01541,inf
E-157,E-149,0.03684,inf
E-169,E-150,0.07017,inf
E-150,E-175,0.04227,inf
E-152,E-151,0.01261,inf
E-151,E-153,0.03048,inf
E-159,E-151,0.02729,inf
E-151,E-165,0.13195,inf
E-159,E-152,0.02686,inf
E-166,E-154,0.1345,inf
E-175,E-154,0.19119,inf
E-158,E-155,0.09069,inf
E-156,E-161,0.01563,inf
E-157,E-158,0.03099,inf
E-157,E-160,0.02944,inf
E-159,E-162,0.0151,inf
E-159,E-165,0.0198,inf
E-177,E-159,0.05611,inf
E-163,E-160,0.02453,inf
E-170,E-160,0.08127,inf
E-161,E-168,0.01462,inf
E-167,E-163,0.02009,inf
E-164,E-166,0.0175,inf
E-164,E-175,0.0398,inf
E-165,E-173,0.09314,inf
E-167,E-169,0.02691,inf
E-171,E-167,0.03323,inf
E-183,E-168,0.07307,inf
E-170,E-169,0.02788,inf
E-169,E-184,0.05739,inf
E-180,E-170,0.12498,inf
E-175,E-171,0.20385,inf
E-172,E-177,0.068,inf
E-173,E-174,0.02869,inf
E-174,E-177,0.03227,inf
E-178,E-175,0.13697,inf
E-178,E-175,0.14168,inf
E-175,E-179,0.04259,inf
E-175,E-179,0.0188,inf
E-175,E-179,0.02107,inf
E-176,E-177,0.01162,inf
E-183,E-176,0.0553,inf
E-179,E-188,0.05509,inf
E-179,E-190/19,0.10994,inf
E-179,E-192,0.02369,inf
E-181,E-180,0.03279,inf
E-180,E-182,0.0417,inf
E-181,E-183,0.09817,inf
E-184,E-181,0.0527,inf
E-184,E-181,0.03829,inf
E-182,E-187,0.05144,inf
E-184,E-186,0.01596,inf
E-192,E-184,0.02518,inf
E-192,E-184,0.06914,inf
E-187,E-185,0.10143,inf
E-189,E-186,0.06172,inf
E-188,E-192,0.05251,inf
E-192,E-189,0.11106,inf
E-190/19,E-192,0.10238,inf
E-192,E-193,0.01487,inf
F-2,F-1,0.01792,inf
F-2,F-3,0.01746,inf
F-2,F-5,0.0579,inf
F-2,F-6Aveli,0.01918,inf
F-11,F-2,0.02058,inf
F-7,F-3,0.02754,inf
F-16,F-3,0.02157,inf
F-5,F-4,0.03221,inf
F-5,F-6Aveli,0.06009,inf
F-6Aveli,F-8,0.00722,inf
F-8,F-6Aveli,0.00631,inf
F-8,F-6Aveli,0.0225,inf
F-6Aveli,F-9,0.01149,inf
F-9,F-6Aveli,0.03581,inf
F-16,F-6Aveli,0.11512,inf
F-6Aveli,B-12Avel,0.01865,1203.10279
F-7,F-16,0.08706,inf
F-8,F-10,0.07436,inf
F-8,F-10,0.06086,inf
F-8,F-17lonn,0.02635,inf
F-17lonn,F-8,0.04754,inf
F-8,F-21,0.07948,inf
F-9,F-11,0.00967,inf
F-9,F-23,0.08408,inf
F-10,F-14,0.01759,inf
F-11,F-16,0.01778,inf
F-23,F-11,0.01227,inf
F-17lonn,F-12choo,0.0194,inf
B_Achene,F-12choo,0.01751,568.6863856
B_Moncea,F-12choo,0.02699,164.5684917
F-13,F-16,0.07604,inf
F-21,F-14,0.07414,inf
F-15,F-16,0.01781,inf
F-22,F-15,0.00737,inf
F-16,F-20,0.05279,inf
F-16,F-49,0.01621,inf
F-49,F-16,0.01644,inf
F-17lonn,F_Moulai,0.02797,inf
F-17lonn,F-27,0.01323,inf
F-24,F-18,0.05724,inf
F-19,F-22,0.00671,inf
F-22,F-19,0.00669,inf
F-23,F-21,0.02446,inf
F-23,F-21,0.0489,inf
F-21,F-43,0.08766,inf
F-26,F-22,0.09397,inf
F-22,F-42,0.00929,inf
F-22,F-44,0.01834,inf
F-22,F-45,0.05575,inf
F-22,F-49,0.02362,inf
F-31,F-23,0.05866,inf
F-23,F-33,0.04458,inf
F-23,F-35,0.00834,inf
F-24,F_Moulai,0.08608,inf
F_Moulai,F-38,0.04911,inf
F_Moulai,F_Vigy,0.01197,inf
B_Aubang,F_Moulai,0.05988,384.6423327
F-26,F-30,0.01755,inf
F-27,F-46/47,0.01355,inf
F-28,F_Vigy,0.00501,inf
F_Vigy,D_185,0.01223,1618
F-30,F-29,0.03607,inf
F-29,F-42,0.03356,inf
F-30,F-42,0.04079,inf
F-31,F-49,0.04246,inf
F-32,F-42,0.01193,inf
F-33,F-40,0.03178,inf
F-34,F-51,0.00951,inf
F-90,F-34,0.02157,inf
F-36,F-43,0.06674,inf
F-42,F-37,0.04913,inf
F-37,F-53,0.0461,inf
F-38,F_Vigy,0.01435,inf
F-38,F_Vigy,0.01769,inf
F-38,F-63,0.05267,inf
F_Vigy,F-41,0.04845,inf
F_Vigy,F-41,0.01553,inf
F_Vigy,F-63,0.00994,inf
F_Vigy,F-63,0.00859,inf
F_Vigy,D_185,0.01223,1058
F-40,F-49,0.02262,inf
F-40,F-57,0.08825,inf
F-40,F-74,0.01232,inf
F-41,F-48,0.02526,inf
F-41,F-72,0.03858,inf
D-185,F-41,0.04365,118
F-42,F-50,0.03124,inf
F-42,F-54,0.01962,inf
F-42,F-62,0.00802,inf
F-46/47,F-43,0.01556,inf
F-52,F-43,0.0142,inf
F-43,F-55,0.06358,inf
F-49,F-44,0.00604,inf
F-45,F-61,0.0366,inf
F-87,F-46/47,0.03207,inf
F-48,F-66,0.05696,inf
F-49,F-57,0.00572,inf
F-57,F-49,0.00644,inf
F-49,F-59,0.01093,inf
F-54,F-50,0.02825,inf
F-54,F-51,0.01735,inf
F-56,F-52,0.04119,inf
F-53,F-67,0.06379,inf
F-54,F-80,0.05715,inf
F-69,F-55,0.03847,inf
F-57,F-59,0.0197,inf
F-57,F-59,0.02421,inf
F-57,F-64,0.02892,inf
F-57,F-74,0.02149,inf
F-58,F-71,0.04162,inf
F-71,F-58,0.02104,inf
F-59,F-67,0.00779,inf
F-67,F-59,0.01908,inf
F-60,F-67,0.0227,inf
F-60,F-76,0.0227,inf
F-61,F-79,0.04237,inf
F-62,F-67,0.0145,inf
F-63,F-68,0.04192,inf
F-68,F-63,0.14096,inf
F-63,F-71,0.0646,inf
F-63,F-83,0.01143,inf
F-63,F-93,0.08067,inf
F-64,F-87,0.0304,inf
F-65,F-67,0.01701,inf
F-66,F-71,0.05241,inf
F-67,F-78,0.01654,inf
F-79,F-67,0.12774,inf
F-81,F-67,0.01244,inf
F-69,F-68,0.05783,inf
F-68,F-75,0.05026,inf
F-87,F-68,0.04327,inf
F-74,F-70,0.05367,inf
F-70,F-89,0.06839,inf
F-71,F-100,0.03115,inf
F-71,F-100,0.06921,inf
F-71,F_113,0.03171,inf
F-72,F-93,0.04671,inf
F-96,F-72,0.24166,inf
F-73,F-94,0.07722,inf
F-95,F-73,0.11752,inf
F-81,F-74,0.02591,inf
F-74,F-89,0.01721,inf
F-74,F-98,0.01054,inf
F-75,F-96,0.06392,inf
F-76,F-82,0.01586,inf
F-81,F-77,0.01537,inf
F-80,F-79,0.13086,inf
F-79,F-106,0.06199,inf
F-90,F-80,0.0833,inf
F-80,F-117,0.08714,inf
F-81,F-98,0.01581,inf
F-81,F-114,0.01243,inf
F-81,F-118,0.03842,inf
F-118,F-81,0.0134,inf
F-87,F-83,0.04102,inf
F-93,F-83,0.00515,inf
F-84,F-95,0.02803,inf
F-88,F-85,0.03764,inf
F-85,F-90,0.09897,inf
F-85,F-113,0.10727,inf
F-86,F-97,0.03686,inf
F-101,F-86,0.06893,inf
F-87,F-89,0.0057,inf
F-87,F-96,0.01269,inf
F-87,F-98,0.01839,inf
F-87,F-149,0.03109,inf
F-94,F-88,0.05204,inf
F-113,F-90,0.01236,inf
F-91,F-92,0.02237,inf
F-91,F-92,0.061,inf
F-92,F-95,0.03229,inf
F-92,F-115,0.06263,inf
F-92,F-115,0.05921,inf
F-154/15,F-92,0.05158,inf
F-93,F-101,0.01973,inf
F-104,F-93,0.04204,inf
F-93,F-107,0.02055,inf
F-94,F-113,0.04912,inf
F-96,F-102,0.03472,inf
F-96,F-110,0.09183,inf
F-149,F-96,0.04797,inf
F-97,F-107,0.03387,inf
F-98,F-105,0.03225,inf
F-111,F-98,0.06266,inf
F-125,F-98,0.03624,inf
F-98,F-133,0.0154,inf
F-133,F-98,0.0363,inf
F-118,F-99,0.03209,inf
F-100,F_113,0.02966,inf
F-101,F-108,0.01794,inf
F-102,F-124,0.0948,inf
F-103,F-106,0.03594,inf
F-120,F-105,0.03315,inf
F-106,F-128,0.06137,inf
F_113,F-107,0.00607,inf
F-118,F-109,0.02746,inf
F-110,F-119,0.05909,inf
F-125,F-111,0.05007,inf
F_113,F_Sieren,0.00642,inf
F_113,F_Sieren,0.01598,inf
F_113,D_Eichst,0.00416,914
F-113,F-128,0.0358,inf
F-113,F-136,0.00898,inf
F-154/15,F-113,0.1114,inf
F-118,F-114,0.00965,inf
F-114,F-133,0.00843,inf
F-114,F-142,0.01701,inf
F-126,F-115,0.03805,inf
F-115,F-130,0.08952,inf
F-116,F-128,0.01978,inf
F-117,F-146,0.0858,inf
F-118,F-132,0.01543,inf
F-118,F-137,0.01261,inf
F-119,F-131,0.099,inf
F-120,F-133,0.03759,inf
F-121,F_Sieren,0.04156,inf
F_Sieren,F-121,0.01937,inf
F-128,F-122,0.05243,inf
F-130,F-123,0.1245,inf
F-123,F-147,0.10445,inf
F-124,F-149,0.09294,inf
F-127,F-125,0.01585,inf
F-134,F-125,0.04932,inf
F-125,F-149,0.04288,inf
F-130,F-126,0.06672,inf
F-143,F-127,0.05017,inf
F-144,F-128,0.01109,inf
F-128,F-157,0.046,inf
F_Sieren,F-135,0.07446,inf
F-135,F_Sieren,0.08247,inf
F_Sieren,F_Mambel,0.02112,inf
F_Sieren,CH_laufe,0.01203,344.1112549
F_Sieren,CH_aspha,0.01598,424.864636
CH_Basse,F_Sieren,0.01377,426.3196519
F-130,F-138,0.0744,inf
F-130,F-147,0.15076,inf
F-131,F-135,0.07146,inf
F-132,F-137,0.00557,inf
F-132,F-173,0.14582,inf
F-132,F-183,0.1865,inf
F-133,F-165,0.03535,inf
F-165,F-133,0.03817,inf
F-133,F-166,0.14433,inf
F-149,F-134,0.08099,inf
F-135,F_Mambel,0.01905,inf
F-135,F_Mambel,0.02844,inf
F-136,F-154/15,0.01225,inf
F-137,F-139,0.00691,inf
F-137,F-183,0.05305,inf
F-138,F-147,0.06923,inf
F-139,F-140,0.00671,inf
F-144,F-140,0.00941,inf
F_Mambel,F-148,0.03342,inf
F-163,F_Mambel,0.11627,inf
F_Mambel,F-195,0.06628,inf
F_Mambel,CH_Basse,0.03526,307.7358579
F-142,F-166,0.01554,inf
F-143,F-152,0.0352,inf
F-144,F-151,0.00521,inf
F-159,F-144,0.01842,inf
F-149,F-145,0.04482,inf
F-146,F-159,0.02882,inf
F-147,F-154/15,0.01599,inf
F-147,F-154/15,0.01549,inf
F-148,F-168,0.06282,inf
F-149,F-150,0.03992,inf
F-158,F-149,0.11682,inf
F-149,F-167,0.01053,inf
F-176,F-149,0.03231,inf
F-149,F-195,0.07201,inf
F-195,F-149,0.03555,inf
F-158,F-150,0.06067,inf
F-157,F-151,0.01157,inf
F-152,F-166,0.06521,inf
F-154/15,F-153,0.02157,inf
F-159,F-154/15,0.03562,inf
F-154/15,F-160,0.03627,inf
F-154/15,F-160,0.01653,inf
F-157,F-159,0.00738,inf
F-158,F-169,0.07658,inf
F-158,F-171,0.05946,inf
F-159,F-164,0.0927,inf
F-164,F-159,0.10344,inf
F-159,F-170,0.1042,inf
F-170,F-159,0.10382,inf
F-175,F-159,0.00965,inf
F-160,F-162,0.05551,inf
F-160,F-164,0.09683,inf
F-160,F-172,0.06108,inf
F-161,F-165,0.08272,inf
F-164,F-162,0.04377,inf
F-164,F-190/19,0.11978,inf
F-165,F-183,0.11673,inf
F-183,F-165,0.03704,inf
F-193,F-165,0.02351,inf
F-234,F-165,0.07714,inf
F-193,F-166,0.015,inf
F-167,F-174,0.00652,inf
F-168,F-195,0.0943,inf
F-176,F-169,0.02058,inf
F-170,F-180,0.04043,inf
F-170,F-183,0.13395,inf
F-171,F-181,0.03696,inf
F-172,F-178,0.033,inf
F-173,F-183,0.05746,inf
F-174,F-176,0.03768,inf
F-177,F-174,0.04496,inf
F-174,F-187,0.01038,inf
F-175,F-196,0.01653,inf
F-177,F-176,0.07635,inf
F-176,F-215,0.12583,inf
F-197,F-178,0.09642,inf
F-193,F-179,0.02732,inf
F-180,F-185,0.02384,inf
F-189,F-181,0.03976,inf
F-181,F-195,0.04641,inf
F-182,F_Cornie,0.01726,inf
F-185,F-183,0.01871,inf
F-186,F-183,0.10348,inf
F-183,F-201,0.04738,inf
F-183,F-203,0.06231,inf
F-183,F-208,0.09595,inf
F-209,F-183,0.03708,inf
F-227,F-183,0.1503,inf
F-183,F-255,0.09254,inf
F-195,F_BoisTo,0.00447,inf
F_BoisTo,CH-33,0.0103,564.5461602
F_BoisTo,CH_verbo,0.00502,564.5461602
F-196,F-185,0.02586,inf
F-186,F-188,0.02776,inf
F-187,F-204,0.00851,inf
F-188,F-193,0.0515,inf
F-189,F-195,0.05062,inf
F-190/19,F-196,0.02757,inf
F-197,F-190/19,0.08458,inf
F-190/19,F-221/22,0.11535,inf
F_Cornie,F-194,0.02775,inf
F-195,F_Cornie,0.02172,inf
F-195,F_Cornie,0.06123,inf
F_Cornie,CH-42,0.0112,159.3242385
F-193,F-199,0.01837,inf
F-193,F-200,0.08868,inf
F-193,F-213,0.07049,inf
F-193,F-220,0.01358,inf
F-198,F-194,0.03318,inf
F-194,CH-47,0.05321,129.1326591
F-202,F-195,0.0467,inf
F-206,F-195,0.07352,inf
F-195,F-210,0.01161,inf
F-195,F-211,0.02967,inf
F-195,F-215,0.12109,inf
CH_verbo,F-195,0.02117,172.4193814
F-196,F-207,0.02631,inf
F-196,F-224,0.01266,inf
F-197,F-207,0.03803,inf
F-197,F-221/22,0.15867,inf
F-198,F-212,0.03936,inf
F-199,F-204,0.03738,inf
F-201,F-205,0.02539,inf
F-214,F-201,0.04554,inf
F-211,F-202,0.05275,inf
F-227,F-203,0.10425,inf
F-204,F-206,0.01307,inf
F-204,F-215,0.01189,inf
F-204,F-215,0.0264,inf
F-206,F-215,0.02515,inf
F-227,F-208,0.06004,inf
F-247,F-209,0.0645,inf
F-210,F-215,0.00684,inf
F-210,F-215,0.04894,inf
F-210,F-223,0.01637,inf
F-211,F-218,0.0377,inf
F-211,F-219,0.01001,inf
F-211,F-223,0.00813,inf
F-211,F-228,0.05625,inf
F-211,F-228,0.05384,inf
F-211,Chivasso,0.01801,2488
F-212,F-217,0.02822,inf
F-212,F-218,0.03014,inf
F-213,F-220,0.03582,inf
F-214,F-234,0.06699,inf
F-215,F-216,0.08218,inf
F-215,F-223,0.02145,inf
F-215,F-225,0.02595,inf
F-225,F-215,0.07866,inf
F-226,F-215,0.05082,inf
F-226,F-215,0.03302,inf
F-229,F-215,0.07263,inf
F-229,F-215,0.07749,inf
F-215,F-231,0.04424,inf
F-236,F-215,0.03606,inf
F-215,F-259,0.02478,inf
F-216,F-223,0.05917,inf
F-219,F-232,0.01883,inf
F-220,F-244,0.09296,inf
F-221/22,F-242,0.07514,inf
F-221/22,F-245,0.11544,inf
F-221/22,F-247,0.10221,inf
F-223,F-230,0.01994,inf
F-224,F-238,0.00814,inf
F-225,F-236,0.00705,inf
F-225,F-236,0.03393,inf
F-226,F-259,0.01678,inf
F-227,F-234,0.02751,inf
F-227,F-255,0.09591,inf
F-227,F-255,0.09887,inf
F-228,F-232,0.04955,inf
F-235,F-229,0.03464,inf
F-230,F-236,0.0307,inf
F-231,F-249,0.04998,inf
F-232,venaus,0.00776,1237
F-236,F-233,0.00772,inf
F-234,F-237,0.08585,inf
F-234,F-246,0.03121,inf
F-252,F-234,0.10285,inf
F-234,F-255,0.02843,inf
F-234,F-261,0.09565,inf
F-244,F-235,0.06348,inf
F-236,F-243,0.01403,inf
F-236,F-251,0.0551,inf
F-236,F-251,0.0517,inf
F-237,F-252,0.04727,inf
F-238,F-247,0.00409,inf
F-255,F-239,0.0546,inf
F-240,F-247,0.06558,inf
F-241,F-251,0.03259,inf
F-242,F-247,0.03646,inf
F-243,F-258,0.04086,inf
F-248,F-244,0.07122,inf
F-244,F-254,0.05305,inf
F-244,F-257,0.10236,inf
F-244,F-264,0.10878,inf
F-245,F-253,0.04107,inf
F-247,F-253,0.06636,inf
F-247,F-263,0.01266,inf
F-247,F-263,0.01118,inf
F-266,F-247,0.09873,inf
F-247,F-279,0.03919,inf
F-248,F-255,0.04844,inf
F-256,F-250,0.03029,inf
F-253,F-265,0.05147,inf
F-255,F-254,0.07039,inf
F-255,F-260,0.02813,inf
F-261,F-255,0.06368,inf
F-255,F-268,0.05905,inf
F-312,F-255,0.06879,inf
F-256,F-267,0.04352,inf
F-257,F-267,0.07845,inf
F-269,F-258,0.06319,inf
F-258,F-270,0.05317,inf
F-259,F-267,0.00655,inf
F-259,F-275,0.01489,inf
F-261,F-277,0.0983,inf
F-261,F-292,0.15216,inf
F-262,F-263,0.02552,inf
F-262,F-263,0.01841,inf
F-263,F_canteg,0.03013,inf
F-263,F_canteg,0.02924,inf
F-267,F-264,0.06565,inf
F-265,F-292,0.11211,inf
F-266,F-273,0.06618,inf
F-267,F-272,0.07784,inf
F-267,F-274,0.06449,inf
F-267,F-275,0.04618,inf
F-275,F-267,0.00733,inf
F-268,F-277,0.07318,inf
F-276,F-269,0.06132,inf
F-270,F-271,0.02845,inf
F-276,F-271,0.02975,inf
F-271,F-282,0.0557,inf
F-272,F-275,0.02979,inf
F-278,F-272,0.06131,inf
F-273,F-279,0.03986,inf
F-274,F-291,0.05802,inf
F-275,F-283,0.00684,inf
F-285,F-275,0.0232,inf
F-275,F-287,0.02718,inf
F-294,F-275,0.02056,inf
F-275,F-299,0.01952,inf
F-276,F-287,0.03089,inf
F-277,F-278,0.11453,inf
F-281,F-277,0.08441,inf
F-277,F-296,0.06272,inf
F-277,F-301,0.08724,inf
F-279,F-292,0.06645,inf
F-279,F-292,0.06303,inf
F-286,F-280,0.1127,inf
F-306,F-280,0.02394,inf
F-280,Carnposo,0.06363,319
F-281,F-300,0.0843,inf
F-282,F-303,0.07198,inf
F-283,F-291,0.04878,inf
F_canteg,F-289,0.05721,inf
F_canteg,F-289,0.05105,inf
F_canteg,F_Mougue,0.10109,inf
F_canteg,F-311,0.04201,inf
F-290,F-285,0.03648,inf
F-288,F-286,0.09266,inf
F-287,F-303,0.06976,inf
F-287,F-310,0.06927,inf
F-291,F-288,0.03541,inf
F-294,F-290,0.05126,inf
F-291,F-303,0.04121,inf
F-292,F-298,0.03011,inf
F-292,F-300,0.00871,inf
F-302,F-292,0.09984,inf
F-292,F-307,0.03503,inf
F-306,F-293,0.0516,inf
F-295,F-294,0.03866,inf
F-308,F-294,0.08048,inf
F-312,F-294,0.02324,inf
F-296,F-308,0.04138,inf
F-297,F-303,0.05705,inf
F-299,F-305,0.01632,inf
F-299,F-306,0.01526,inf
F-300,F-301,0.09481,inf
F-307,F-300,0.02506,inf
F-307,F-300,0.05388,inf
F-300,F-309,0.00737,inf
F-317,F-300,0.02659,inf
F-317,F-302,0.10235,inf
F-303,F-310,0.08183,inf
F-307,F-316,0.05968,inf
F-307,F-319,0.08434,inf
F-308,F-312,0.07335,inf
F-308,F-314,0.03434,inf
F-312,F-309,0.01473,inf
F-311,F-317,0.02571,inf
F-311,F-318,0.05475,inf
F-311,F_pragne,0.09265,inf
F-312,F-313,0.03441,inf
F-312,F-314,0.01992,inf
F-312,F_Baixas,0.01345,inf
F-315,F-317,0.06849,inf
F-316,F-319,0.04408,inf
F_pragne,F-317,0.10159,inf
F-319,F-322,0.05036,inf
CH-4,CH-1,0.02727,inf
CH-1,CH-8,0.02572,inf
CH-2,CH-4,0.00923,inf
CH-2,CH-4,0.02901,inf
CH-2,CH-6,0.01758,inf
CH-12,CH-2,0.02471,inf
CH-2,CH-16,0.02759,inf
CH-2,D_Tienge,0.01015,505.4591621
CH_aspha,CH_laufe,0.00439,inf
CH-12,CH_laufe,0.03277,inf
CH_laufe,CH-14,0.00807,inf
CH_laufe,CH-16,0.06442,inf
CH-17,CH_laufe,0.01224,inf
D_engstl,CH_laufe,0.00877,862.9707998
CH_laufe,D_Tienge,0.03527,379.8561151
CH_laufe,D_kuhmoo,0.00283,1801.438849
CH-6,CH-4,0.01651,inf
CH-4,CH-8,0.01595,inf
CH-4,CH-11,0.00966,inf
CH-4,CH-11,0.01151,inf
CH-4,CH-11,0.03038,inf
CH_aspha,CH-9,0.00462,inf
CH_aspha,D_kuhmoo,0.00734,450.2750741
CH-9,CH-7,0.00557,inf
CH-8,CH-21,0.01812,inf
CH-21,CH-8,0.01169,inf
CH-8,A-25,0.00327,383.2577188
CH_Basse,CH-17,0.01326,inf
CH_Basse,CH-19,0.0075,inf
CH-15,CH-11,0.00847,inf
CH-15,CH-11,0.0221,inf
CH-11,CH-20,0.0227,inf
CH-11,CH-23,0.01083,inf
CH-11,CH-25,0.01907,inf
CH-13,CH-12,0.01627,inf
CH-19,CH-12,0.03762,inf
CH-13,CH-17,0.0146,inf
CH-14,CH-16,0.00636,inf
CH-16,CH-15,0.00754,inf
CH-17,CH-16,0.07662,inf
CH-16,CH-22,0.01194,inf
CH-16,CH-22,0.01205,inf
CH-16,CH-26,0.03554,inf
CH-17,CH-26,0.03982,inf
CH-17,CH-40,0.01759,inf
CH-24,CH_Prade,0.00895,inf
A_Westti,CH_Prade,0.01176,809.7422812
CH-19,CH-30,0.02774,inf
CH-34,CH-19,0.03078,inf
CH-23,CH-21,0.00716,inf
CH-21,CH-25,0.00739,inf
CH-22,CH-31,0.01478,inf
CH-22,CH-35,0.01926,inf
CH-23,CH-27,0.01457,inf
CH-25,CH-24,0.01116,inf
CH-25,CH-32,0.01072,inf
CH-37,CH-25,0.02749,inf
CH-28,CH-26,0.03622,inf
CH-26,CH-31,0.02967,inf
CH-26,CH-38,0.04011,inf
CH-37,CH-29,0.03642,inf
CH-30,CH-42,0.01687,inf
CH-35,CH-31,0.00988,inf
CH-38,CH-31,0.03144,inf
Verampio,CH-31,0.00816,278
CH-32,Sondrio,0.06227,400
CH-32,Cislago,0.0156,2660
CH-33,CH-36,0.03282,inf
CH-33,CH-36,0.01197,inf
CH_verbo,CH-33,0.02303,inf
CH-34,CH_ridde,0.0283,inf
CH-35,CH-37,0.02016,inf
CH-35,CH-39,0.03274,inf
CH-36,CH-42,0.00554,inf
CH-36,CH-42,0.01377,inf
CH-41,CH-37,0.01497,inf
CH-37,CH-44,0.02127,inf
CH-37,Buliciag,0.02102,1224
CH-38,CH-39,0.03389,inf
CH-43,CH-38,0.01722,inf
CH-38,Pallanze,0.0648,278
CH-39,CH-44,0.0241,inf
CH-40,CH-43,0.01777,inf
CH-40,CH-43,0.02273,inf
CH-40,CH_ridde,0.02437,inf
roncoval,CH-41,0.008,1204
CH-42,CH_ridde,0.00801,inf
CH-42,CH_ridde,0.01963,inf
CH-47,CH_ridde,0.01311,320
CH_ridde,valpelli,0.03946,618
Somplago,Udine,0.05282,inf
Somplago,Pordenon,0.05022,inf
Lana,Floriano,0.05855,inf
Lana,S Fioran,0.04123,inf
Lana,Flero,0.07805,inf
Floriano,Lavis,0.02579,inf
Udine,Cordigna,0.0096,inf
Udine,Monfalco,0.01219,inf
Fadalto,Ca glian,0.03916,inf
Fadalto,Vellai,0.05668,inf
Fadalto,Scorze,0.0778,inf
A-30,Fadalto,0.11983,217
Pordenon,Salgared,0.04304,inf
Sandrigo,Cordigna,0.05782,inf
Verampio,Pallanze,0.04693,inf
Padricia,Monfalco,0.06354,inf
Monfalco,fusina,0.04704,inf
Monfalco,SV-8,0.03064,541.8932439
Lavis,I_xx4,0.05571,inf
lonato,Lavis,0.08353,inf
Lavis,sandra,0.09711,inf
S Fioran,P Tamuno,0.0273,inf
S Fioran,P Tamuno,0.01584,inf
S Fioran,Flero,0.0267,inf
Ca glian,Salgared,0.02851,inf
Vellai,I_xx4,0.05097,inf
Padricia,SV-8,0.02038,107.1067561
Vellai,Mantevia,0.06513,inf
Sondrio,Cislago,0.03668,inf
Mercallo,roncoval,0.01354,inf
roncoval,Cislago,0.03295,inf
P Tamuno,Gorlago,0.01121,inf
cassano,P Tamuno,0.04304,inf
Pallanze,Turbigo,0.06373,inf
I_xx3,Mantevia,0.06995,inf
I_xx3,lonato,0.04391,inf
I_xx3,sandra,0.04773,inf
Buliciag,Cislago,0.01154,inf
Sandrigo,Dugale,0.01505,inf
Scorze,Camin,0.03707,inf
fusina,Camin,0.00765,inf
Gorlago,Flero,0.01476,inf
Gorlago,Ciserano,0.02462,inf
Mantevia,Dugale,0.03032,inf
Mantevia,Colunga,0.13735,inf
Mercallo,Turbigo,0.01143,inf
valpelli,I_xx2,0.02097,inf
Lona,Flero,0.01557,inf
Nogarole,Lona,0.01967,inf
Flero,Cremona,0.0214,inf
Flero,Ostiglia,0.04522,inf
Ciserano,Cislago,0.01824,inf
Ciserano,Tavazzia,0.01369,inf
Cislago,cassano,0.0174,inf
lonato,Marcatia,0.04365,inf
I_xx2,Leyni,0.02795,inf
Dugale,Camin,0.02503,inf
Nogarole,Dugale,0.0149,inf
Dugale,Ostiglia,0.01437,inf
Turbigo,Cislago,0.09412,inf
Cislago,Tavazzia,0.0125,inf
Cislago,La Casel,0.02437,inf
Castelnu,Cislago,0.03335,inf
sandra,Camin,0.13203,inf
Camin,adria,0.01029,inf
sandra,Tavazzia,0.17249,inf
sandra,Marcatia,0.03652,inf
Turbigo,Chivasso,0.01971,inf
Trino,Turbigo,0.06279,inf
Nogarole,Marcatia,0.03321,inf
Tavazzia,Piacerza,0.02418,inf
Tavazzia,Avenza,0.19466,inf
adria,PortoTol,0.00716,inf
Cremona,Piacerza,0.02405,inf
Marcatia,Ostiglia,0.02409,inf
Marcatia,Colorno,0.05646,inf
Ostiglia,Sermide,0.01127,inf
Ostiglia,Ferrara,0.02437,inf
Ostiglia,Colunga,0.12209,inf
Leyni,Chivasso,0.01146,inf
Chivasso,Trino,0.04934,inf
Castelnu,Chivasso,0.04048,inf
Chivasso,Casanova,0.02422,inf
PortoTol,PortoCor,0.01434,inf
Leyni,Piossasi,0.03069,inf
La Casel,Piacerza,0.01764,inf
Sermide,Martigno,0.02416,inf
Piacerza,S. Damas,0.05288,inf
Piacerza,Parma V,0.01921,inf
PortoCor,Ferrara,0.03219,inf
venaus,Piossasi,0.02172,inf
Colorno,La Spezi,0.11191,inf
Castelnu,Vignole,0.01228,inf
S. Damas,Parma V,0.03701,inf
S. Damas,Martigno,0.01251,inf
Parma V,La Spezi,0.02673,inf
Martigno,Colunga,0.01822,inf
Martigno,Bargi,0.01061,inf
PortoCor,Forti,0.0096,inf
Piossasi,Casanova,0.01361,inf
Casanova,Vignole,0.14789,inf
Casanova,blstagno,0.06742,inf
Casanova,Magliano,0.02271,inf
Piossasi,Magliano,0.01918,inf
Forti,Colunga,0.03297,inf
Colunga,Calenzan,0.09174,inf
Vignole,Genova,0.03153,inf
Erzelli,Vignole,0.0601,inf
Vignole,S. Colom,0.07961,inf
Vignole,Vado Lig,0.02797,inf
La Spezi,Vignole,0.04639,inf
blstagno,Genova,0.07477,inf
Forti,San Mart,0.02039,inf
Fano,Forti,0.0389,inf
Bargi,Calenzan,0.0206,inf
San Mart,Fano,0.01942,inf
Erzelli,Vado Lig,0.02634,inf
S. Colom,Avenza,0.10117,inf
Vado Lig,Magliano,0.03601,inf
Magliano,Entracqu,0.01896,inf
Fano,Candia,0.03027,inf
Vado Lig,Campochi,0.05541,inf
La Spezi,Avenza,0.01105,inf
I_xx,La Spezi,0.04801,inf
acciaiol,Avenza,0.03468,inf
Avenza,Livorno,0.15526,inf
I_xx,Calenzan,0.01111,inf
I_xx,acciaiol,0.00809,inf
Calenzan,arezzo,0.13334,inf
Calenzan,p d sper,0.0245,inf
Calenzan,Piomigo,0.03964,inf
Candia,Rosa,0.10399,inf
Teramo,Candia,0.05788,inf
Carnposo,Campochi,0.06675,inf
Livorno,acciaiol,0.00097,inf
acciaiol,Rosen,0.01141,inf
Villaval,arezzo,0.17453,inf
Roma /S.,p d sper,0.10226,inf
Rosa,Montori,0.08254,inf
montalto,Piomigo,0.02745,inf
Piomigo,to Sarde,1.00E-05,1000
S. Giaco,Teramo,0.00533,inf
Villanov,Teramo,0.0105,inf
Montori,Villanov,0.02841,inf
S. Giaco,Villanov,0.02931,inf
S. Giaco,Villaval,0.03192,inf
S. Giaco,Popoli,0.11348,inf
Villanov,Larino,0.04461,inf
montalto,Villaval,0.04017,inf
Villaval,Torvalda,0.09695,inf
Roma /S.,Villaval,0.08902,inf
capriati,Popoli,0.10162,inf
montalto,Torvalda,0.00729,inf
montalto,Roma /S.,0.04694,inf
montalto,Valmonto,0.03438,inf
Larino,Foggia,0.04001,inf
Torvalda,Roma /S.,0.02982,inf
Valmonto,Roma /S.,0.0194,inf
Roma /S.,Latiana,0.02824,inf
bari,Foggia,0.04994,inf
Foggia,Andria,0.02607,inf
Benevent,Foggia,0.02922,inf
capriati,Presenza,0.02907,inf
capriati,Maddalon,0.08075,inf
Valmonto,Presenza,0.06,inf
Valmonto,Latiana,0.01038,inf
brindisi,bari,0.05034,inf
Andria,brindisi,0.07392,inf
Latiana,Ceproro,0.03081,inf
Ceproro,Gariglia,0.01808,inf
Benevent,Presenza,0.03507,inf
Gariglia,Presenza,0.01418,inf
Presenza,Maddalon,0.06548,inf
Latiana,Gariglia,0.04467,inf
Benevent,Maddalon,0.01939,inf
taranto,brindisi,0.02416,inf
brindisi,Matera,0.04971,inf
brindisi,galatina,0.03248,inf
Levante,Gariglia,0.02048,inf
Maddalon,Matera,0.03005,inf
Levante,Maddalon,0.01919,inf
Maddalon,Montecor,0.02326,inf
Matera,taranto,0.02426,inf
taranto,Pisticci,0.09048,inf
taranto,galatina,0.04802,inf
Matera,laino,0.03845,inf
laino,Montecor,0.05537,inf
rotonda,Montecor,0.18101,inf
Pisticci,rotonda,0.08165,inf
laino,rossano,0.03996,inf
rotonda,mucone,0.09637,inf
rossano,scandale,0.03714,inf
mucone,Feroleto,0.08494,inf
rizzconi,scandale,0.05419,inf
rizzconi,Feroleto,0.01018,inf
SFMela,rizzconi,0.04041,inf
termini,SFMela,0.11201,inf
SFMela,patemo,0.02826,inf
misterbi,SFMela,0.04656,inf
Bellolam,partinic,0.018,inf
Bellolam,termini,0.02677,inf
termini,partinic,0.03864,inf
partinic,partanna,0.0256,inf
patemo,chiaramo,0.02386,inf
misterbi,priolo,0.03042,inf
partanna,favara,0.06709,inf
favara,chiaramo,0.06909,inf
chiaramo,priolo,0.02642,inf
ragusa,priolo,0.03042,1000
chiaramo,ragusa,0.0076,1000
MA-05,MA-31,0.224541976,301
MA-11,MA-28,0.081534659,382
MA-40,MA-41,0.026814491,187
MA-01,MA-11,9.381657149,32
MA-08,MA-24,0.168832769,1351
MA-38,MA-40,0.815525727,32
MA-25,MA-26,0.077044611,602
MA-06,MA-25,-0.222801713,227
MA-10,MA-35,-0.054285512,1001
MA-18,MA-35,-0.084226803,301
MA-37,MA-38,0.005816414,2418
MA-06,MA-22,-1.239781552,219
MA-19,MA-24,0.058876456,3504
MA-22,MA-39,0.078002197,295
MA-32,MA-35,0.009723645,1886
MA-29,MA-37,0.222863365,350
MA-37,MA-44,-0.079065348,488
MA-00,MA-43,-0.027857331,2140
MA-00,MA-27,-0.008077059,218
MA-15,MA-43,0.019505924,700
MA-00,MA-36,-0.047157867,218
MA-14,MA-22,1.187839438,23
MA-29,MA-43,0.016962512,2464
MA-41,MA-43,0.031421907,827
MA-20,MA-31,0.171762655,301
MA-22,MA-29,0.007998541,1700
MA-12,MA-29,0.022641928,700
MA-02,MA-24,-0.208936061,226
MA-12,MA-35,-1.794595045,350
MA-06,MA-20,0.513515228,46
MA-11,MA-20,0.165534464,350
MA-42,MA-43,0.052650897,1400
MA-37,MA-43,0.041762573,900
MA-13,MA-37,-0.250873856,700
MA-09,MA-29,-0.044332575,301
MA-08,MA-19,0.081098256,1188
MA-23,MA-37,0.144469905,301
MA-05,MA-26,0.333683377,301
MA-19,MA-22,-0.220654644,1729
MA-35,MA-39,0.005468401,350
MA-28,MA-38,0.144180889,227
MA-01,MA-20,-0.100547842,576
MA-32,MA-33,0.048804007,187
MA-08,MA-29,-0.046656082,2460
MA-37,MA-40,0.689822613,438
MA-20,MA-22,0.157621238,647
MA-40,MA-43,0.073568682,488
MA-14,MA-29,0.040099691,567
MA-21,MA-32,-0.011251398,602
MA-29,MA-32,0.007259707,1780
MA-33,MA-37,-4.017807934,218
MA-23,MA-32,-0.005047851,301
MA-38,MA-43,0.204183129,700
E-192,MA-42,0.004125,700
MA-00,MA-16,0.102191513,2464
MA-32,MA-37,0.041968213,878
MA-30,MA-37,0.038982708,872
MA-29,MA-35,-0.041693942,1222
MA-07,MA-29,0.097234601,2460
MA-36,MA-38,0.34114182,218
MA-05,MA-25,0.420526306,72
MA-32,MA-34,-0.039243684,602
MA-14,MA-39,0.099220329,210
MA-00,MA-38,0.184681566,974
MA-14,MA-20,0.348145516,218
MA-05,MA-28,0.130440921,187
MA-04,MA-20,0.310879309,262
MA-25,MA-28,-1.420180369,32
MA-30,MA-44,0.267882216,187
MA-18,MA-29,0.033143261,301
MA-14,MA-32,-0.02079337,625
MA-25,MA-32,-0.510360057,1120
B_Zandvl,B-2,0.0052,inf
NL-new1,B_Zandvl,0.00776,584.4051783
B-2,B-4,0.00434,inf
B-6,B-2,0.00837,inf
B-2,B-8,0.00753,inf
B-2,B-10,0.00655,inf
B-3,B-6,0.00666,inf
B-12Avel,B-3,0.00998,inf
B-4,B-5,0.01083,inf
B-5,B_meerho,0.01562,1320
B-7,B-11,0.01731,inf
B-9,B-12Avel,0.00547,inf
B-10,B-13,0.00713,inf
B-11,B-15,0.03154,inf
B-13,B-17,0.00738,inf
B-16,B_15,0.00747,inf
B-18,B_15,0.02322,inf
B_15,B_Achene,0.01076,inf
B_new1,B_15,0.03974,1720
B-15,B-20,0.02688,inf
B-17,B-16,0.00581,inf
B-18,B-20,0.00793,inf
B-20,B_Aubang,0.00885,inf
B_Aubang,Lx-3,0.0179,916
B_meerho,B_new1,0.0162,1320
Lx-1,Lx-2,0.01044,inf
D-229,Lx-1,0.01041,1265
Lx-2,Lx-3,0.01228,inf
Lx-2,D-173,0.02984,2450
NL-1,NL-2,0.0033,inf
NL-1,NL-3,0.04229,inf
NL-2,NL_Meede,0.00294,inf
NL-4,NL-3,0.0244,inf
NL-3,NL-6,0.01393,inf
NL-7,NL-4,0.01628,inf
NL_Meede,NL-9,0.01774,inf
NL_Meede,D_Diele,0.02576,1046
NL-6,NL-10,0.03887,inf
NL-7,NL-8,0.02115,inf
NL-9,NL-8,0.00797,inf
NL-8,NL-10,0.0222,inf
NL-13,NL-8,0.01342,inf
NL-9,NL_Henge,0.01205,inf
NL-13,NL-11,0.00663,inf
NL_Henge,NL-14,0.00937,inf
NL_Henge,D_Gronau,0.01326,1720
NL-13,NL-17,0.01101,inf
NL-14,NL-16,0.01074,inf
NL-17,NL-15,0.01315,inf
NL-16,NL-19,0.00537,inf
NL-17,NL_Geert,0.00906,inf
NL_Geert,NL-20,0.00605,inf
NL-new1,NL_Geert,0.01593,inf
NL-19,NL_Maasb,0.00969,inf
NL-20,NL_Maasb,0.00679,inf
NL_Maasb,NL-22,0.00492,inf
NL_Maasb,D_Siersd,0.02275,1748
NL_Maasb,B_new1,0.03743,751.5948217
NL-new1,NL_Borss,0.00993,1476
D-6,D-1,0.03986,inf
DK-8,D-1,0.04386,328.2040966
D-3,D-2,0.02269,inf
D-2,D-7,0.04206,inf
D-3,D-8,0.02512,inf
D-9,D-3,0.0241,inf
D-3,D-13,0.0606,inf
D-3,D-35,0.03567,inf
D-4,D-6,0.02119,inf
D-5,D-9,0.00858,inf
D-6,D-12,0.01225,inf
D-6,D-14,0.03268,inf
DK-8,D-6,0.02023,927.5801024
D-9,D-7,0.02661,inf
D-9,D-8,0.04686,inf
D-9,D-15,0.01264,inf
D-9,D-25,0.02589,inf
D-9,D-52,0.10217,inf
D-12,D-10,0.01449,inf
D-10,D-14,0.02484,inf
D-14,D-11,0.02963,inf
D-12,D-14,0.01219,inf
D-12,D-20,0.01274,1360.4
D-13,D-19,0.03211,342.9
D-41,D-13,0.0658,407.7
D-14,D-16,0.01884,inf
D-14,D-17,0.00837,inf
D-16,D-18,0.02043,312.5
D-17,D-21,0.0047,inf
D-23,D-17,0.00747,inf
D-24,D-18,0.08865,inf
D-33,D-18,0.03387,inf
D-19,PL-28,0.01447,804
D-20,D-23,0.00528,inf
D-26,D-20,0.02608,inf
D-20,D-49,0.02829,1369
D-21,D-30,0.00896,inf
D_Connef,D-22,0.02024,inf
D-31,D-24,0.05279,inf
D-25,D-52,0.02331,inf
D_Connef,D-26,0.00459,inf
D-26,D-37,0.00815,inf
D-29,D-27,0.01517,inf
D_Connef,D-29,0.03467,inf
D_Connef,D-32,0.0186,inf
D_Connef,D_Diele,0.01313,1382.2
D_Connef,D-42,0.02902,inf
D-55,D-30,0.01776,1698.1
D-32,D-31,0.01347,inf
D-31,D-36,0.02897,inf
D-36,D-33,0.02412,inf
D-33,D-43,0.01924,inf
D-34,D-39,0.01516,inf
D-41,D-34,0.03049,inf
D-35,D-41,0.00609,inf
D-38,D-41,0.01162,inf
D-52,D-38,0.02508,inf
D-39,D-45,0.03612,inf
D-47,D-39,0.0153,inf
D_Diele,D-44,0.0045,1382.2
D-41,D-46,0.01941,inf
D-47,D-41,0.02821,inf
D-49,D-43,0.02803,inf
D-44,D-48,0.00507,inf
D-62,D-46,0.01048,inf
D-47,D-57,0.01515,inf
D-56,D-48,0.01164,inf
D-48,D-65,0.01758,inf
D-49,D-53,0.10009,inf
D-49,D-54,0.01225,1698.1
D-49,D-59,0.0233,inf
D-49,D-60,0.03208,inf
D-49,D-63,0.0389,inf
D-63,D-50,0.00514,inf
D-51,D-55,0.00808,1790.2
D-58,D-51,0.00608,inf
D-57,D-52,0.04182,inf
D-52,D-58,0.01156,1343
D-79,D-52,0.02078,inf
D-55,D-53,0.01649,inf
D-53,D-69,0.0325,inf
D-54,D-71,0.01987,1790.2
D-64,D-55,0.0095,1790.2
D_Gronau,D-56,0.00523,inf
D-56,D-76,0.00867,1698.1
D-62,D-57,0.01097,inf
D-57,D-70,0.03457,inf
D-82,D-57,0.01853,inf
D-59,D-61,0.03069,inf
D-59,D-66,0.01492,inf
D-74,D-60,0.01802,inf
D-63,D-61,0.03235,inf
D-68,D-62,0.00857,inf
D-62,D-82,0.02553,inf
D-65,D-63,0.02004,inf
D-65,D-63,0.00958,inf
D-74,D-64,0.01087,inf
D-65,D-73,0.02133,inf
D-100,D-65,0.08045,inf
D-71,D-66,0.01998,inf
D-66,D-72,0.01836,inf
D-78,D-66,0.0428,inf
D_Gronau,D-95,0.00759,inf
D-68,D-77,0.00463,inf
D-69,D-75,0.01552,inf
D-70,D-85,0.01112,inf
D-71,D-78,0.00409,inf
D-81,D-71,0.01745,inf
D-78,D-73,0.01766,inf
D-90,D-74,0.00993,1698.1
D-75,D-96,0.02604,inf
D-88,D-76,0.03684,1698.1
D-76,D-91,0.0069,inf
D-77,D-82,0.021,inf
D-77,D-83,0.00745,1658.6
D-78,D-84,0.028,inf
D-88,D-78,0.03447,inf
D-85,D-79,0.00935,inf
D-80,D-83,0.01361,inf
PL-68,D-80,0.006,2604
D-81,D-107,0.00965,inf
D-92,D-82,0.02018,1658.6
D-82,D-94,0.01715,inf
D-82,D-113,0.01507,1658.6
D-83,D-98,0.00912,inf
D-85,D-87,0.04422,inf
D-99,D-85,0.02899,inf
D-114,D-85,0.03238,inf
D-86,D-88,0.01787,inf
D-114,D-87,0.06515,inf
D-88,D-91,0.00935,inf
D-104,D-88,0.0118,1698.1
D-89,D-103,0.01592,inf
D-90,D-112,0.00706,inf
D-91,D-97,0.03216,inf
D-101,D-91,0.00325,inf
D-116,D-91,0.01297,inf
D-114,D-92,0.01501,1658.6
D-100,D-93,0.01983,inf
D-95,D-104,0.00332,inf
D-95,D-105,0.00334,inf
D-96,D-106,0.01724,inf
D-98,D-113,0.01954,inf
D-103,D-99,0.02274,inf
D-100,D-102,0.0049,inf
D-100,D-109,0.01772,inf
D-100,D-110,0.06327,inf
D-100,D-126,0.01247,inf
D-108,D-101,0.00611,1698.1
D-102,D-110,0.00315,inf
D-113,D-103,0.01818,inf
D-115,D-103,0.03555,inf
D-104,D-108,0.01377,inf
D-116,D-107,0.01084,inf
D-107,D-119,0.00964,inf
D-108,D-111,0.01719,inf
D-108,D-123,0.06543,inf
D-110,D-123,0.00893,inf
D-111,D-120,0.02603,inf
D-123,D-111,0.04114,inf
D-112,D-119,0.00573,1658.6
D-113,D-117,0.0148,inf
D-113,D-121,0.01898,inf
D-113,D-122,0.00679,inf
D-129,D-113,0.02262,1698.1
D-113,CZ-15,0.01672,1215.534274
D-114,D-118,0.02777,inf
D-114,D-129,0.00734,inf
D-115,D-125,0.02222,inf
D-118,D-124,0.01437,inf
D-119,D-124,0.00782,inf
D-119,D-138,0.00852,inf
D-120,D-131,0.01866,inf
D-126,D-123,0.00661,inf
D-123,D-127,0.01103,inf
D_Rommer,D-123,0.00481,inf
D_Rommer,D-123,0.00577,inf
D-123,D-137,0.02421,inf
D-124,D-139,0.007,inf
D-127,D-131,0.00695,inf
D_Rommer,D-136,0.00614,1580
D_Rommer,D-137,0.0203,inf
D-137,D_Rommer,0.00401,inf
D-129,D-134,0.0419,inf
D-135,D-129,0.01091,inf
D-129,D-142,0.01223,1658.6
D-130,D-138,0.00546,inf
D-131,D-133,0.02045,inf
D-137,D-131,0.01862,inf
D-137,D-131,0.0539,inf
D-138,D-131,0.0155,inf
D-131,D-143,0.03292,inf
D_Siersd,D-136,0.00698,inf
D-136,D-137,0.00844,inf
D-136,D-147,0.01032,inf
D-137,D-141,0.00438,inf
D-144,D-137,0.03882,inf
D-148,D-138,0.00955,inf
D-139,D-149,0.01509,inf
D-142,D-140,0.01069,inf
D-140,D-156,0.01575,inf
D-141,D-144,0.00757,inf
D-142,D-150,0.00524,inf
D-157,D-143,0.03585,inf
D-144,D-145,0.02623,inf
D-155,D-144,0.0216,inf
D-165/16,D-144,0.02702,inf
D-146,D-160,0.05996,inf
D-147,D-160,0.01147,inf
D-148,D-152,0.0075,inf
D-148,D-153,0.00531,inf
D-149,D-154,0.02415,inf
D-150,D-151,0.00437,inf
D-150,D-161,0.00944,inf
D-150,D-170,0.0446,inf
D-154,D-151,0.01257,inf
D-152,D-158,0.00442,1790.2
D-152,D-159,0.0475,inf
D-171,D-154,0.01691,inf
D-174,D-154,0.01699,inf
D-154,D-179,0.01917,inf
D-155,D-158,0.01026,inf
D-155,D-165/16,0.00803,inf
D-156,D-172,0.00743,inf
CZ-15,D-156,0.05651,1458.465726
D-157,D-158,0.01529,inf
D-157,D-158,0.03324,inf
D-157,D-165/16,0.01849,inf
D-158,D-159,0.02192,inf
D-158,D-175,0.05944,inf
D-159,D-163,0.02296,inf
D-160,D-162,0.03824,inf
D-160,D_185,0.01103,inf
D-229,D-160,0.01111,1150
D-174,D-161,0.00744,inf
D-162,D-173,0.01425,inf
D-163,D-174,0.08197,inf
D-164,D-165/16,0.11579,inf
D-164,D-178,0.05981,inf
D-165/16,D-177,0.01324,inf
D-165/16,D-177,0.03239,inf
D-165/16,D-180,0.02515,inf
D-165/16,D-182,0.00888,inf
D-170,D-172,0.04117,inf
D-174,D-170,0.03066,inf
D-170,D-187,0.05028,inf
D-182,D-171,0.03705,inf
D-172,D-183,0.00758,inf
D-172,D-188,0.02484,inf
D-173,D-185,0.05271,inf
D-174,D-190,0.01197,inf
D-175,D-186,0.02608,inf
D-176,D-186,0.02155,inf
D-186,D-177,0.03433,inf
D-177,D-192,0.01399,inf
D-177,D-192,0.02786,inf
D-180,D-178,0.02416,inf
D-186,D-179,0.00976,inf
D-194,D-179,0.04976,inf
D-194,D-179,0.03177,inf
D_185,D-180,0.00586,inf
D-186,D-181,0.01022,inf
D-182,D-192,0.00817,inf
D-182,D-196,0.01467,inf
D-182,D-196,0.01779,inf
D-189,D-186,0.0041,inf
D-186,D-196,0.00742,inf
D-196,D-186,0.04978,inf
D-187,D-190,0.02626,inf
D-187,D-193,0.02456,inf
D-188,D-191,0.01412,inf
A_st.Pet,D-188,0.03237,915
D-189,D-196,0.01706,inf
D-189,D-203,0.0247,inf
D-190,D-197,0.01042,inf
D-191,D-206,0.01146,inf
D-192,D-199,0.01999,inf
D-192,D-200,0.0172,inf
D-192,D_Eichst,0.02273,inf
D-193,D-231,0.04776,301
D-194,E-204,0.00635,inf
D-203,D-195,0.00588,inf
D-196,D-208,0.01091,inf
E-211,D-196,0.01569,inf
E-218,D-196,0.02424,inf
D-197,D-206,0.00558,inf
D-202,D-198,0.00947,inf
D-198,D-205,0.00484,inf
D-207,D-198,0.01071,inf
D-198,D-210,0.00684,inf
D-200,D-212,0.023,inf
D-203,D-201,0.00473,inf
D-213,D-202,0.01139,inf
E-217,D-203,0.05171,inf
E-204,D-213,0.00804,inf
D-205,D-210,0.00496,inf
D-207,D-206,0.01122,inf
D-206,D-209,0.005,inf
D-206,D-216,0.01142,inf
D-207,D-214,0.00599,inf
D-208,E-215,0.01279,inf
D-213,D-210,0.07995,inf
D-210,D_leupol,0.0166,inf
E-211,D-213,0.00994,inf
D-212,D_Eichst,0.0257,inf
D-213,D_leupol,0.00897,inf
D-213,E_obermo,0.01547,inf
D-214,D_oberbr,0.03698,762
E-217,E-215,0.00685,1580
E-220,E-217,0.02255,inf
E-217,D_engstl,0.01288,1580
E-218,E_obermo,0.01232,2000
D_Tienge,E-218,0.02441,inf
D-219,D_leupol,0.05398,inf
D-219,D-224,0.04047,inf
D_Eichst,D_engstl,0.04123,inf
D_Eichst,D_kuhmoo,0.01009,inf
A_Westti,D_leupol,0.01829,2078
D_Tienge,E-223,0.04774,inf
E_obermo,A_Burs,0.01181,1792
E_obermo,A_Burs,0.02231,1792
D_oberbr,A_Westti,0.01299,1542
D-231,D_233,0.02237,inf
A_st.Pet,D-231,0.0203,1059
A-1,A-2,0.02017,inf
A-3,A-1,0.05001,inf
A-1,A-4,0.01261,inf
A-7,A-1,0.08666,inf
CZ-31,A-1,0.05998,500
A-8,A-3,0.02812,inf
CZ-32,A-3,0.03876,3118
A-4,A-11,0.03454,inf
A-15,A-4,0.01795,inf
A-4,A-36,0.02746,inf
A-4,H-13,0.02705,517.7650341
A-5,A-7,0.02438,inf
A-8,A-5,0.01477,inf
A-6,A-10,0.02118,inf
A_st.Pet,A-8,0.02484,inf
A-8,A-10,0.02973,inf
A-13,A-8,0.02557,inf
A_st.Pet,A-10,0.02469,inf
A_st.Pet,A-12,0.01925,inf
A_st.Pet,A-35,0.04117,460
A-11,A-16,0.07008,inf
A-18,A-12,0.05314,inf
A-13,A-14,0.02018,inf
A-14,A-16,0.04024,inf
A-14,A-18,0.08739,inf
A-15,A-22,0.0126,inf
A-16,A-17,0.01782,inf
A-27,A-17,0.04007,inf
A-20,A-18,0.01596,inf
A-18,A-30,0.01601,inf
A-20,A-19,0.01721,inf
A-21,A-19,0.01405,inf
A_Westti,A-20,0.06754,inf
A-20,A-24,0.01338,inf
A-21,A_Westti,0.03022,1000
A-31,A-22,0.01897,inf
A-22,SV-1,0.01049,697.8688525
A_Burs,A_Westti,0.01792,inf
A_Westti,A-29,0.01603,inf
A-25,A_Burs,0.00508,inf
A-30,A-26,0.04621,inf
A-27,A-31,0.0199,inf
A_Burs,A-33,0.03475,inf
A-30,A-32,0.08239,inf
A-34,A-31,0.0215,inf
A-31,SV-3,0.10265,248.1311475
A-32,A-34,0.01817,inf
A-36,H-13,0.0587,85.2349659
DK-3,DK-1,0.02653,inf
DK-5,DK-2,0.0136,inf
DK-3,DK-4,0.01871,inf
DK-8,DK-3,0.04885,inf
DK-6,DK-5,0.01671,inf
DK-6,DK-7,0.0296,inf
DK-6,DK-7,0.02879,inf
DK-8,DK-6,0.0255,inf
CZ-2,CZ-1,0.04042,inf
CZ-1,CZ-4,0.0221,inf
CZ-5,CZ-1,0.15855,inf
CZ-17,CZ-1,0.07776,inf
CZ-2,CZ-9,0.02474,inf
CZ-13,CZ-3,0.01894,inf
CZ-4,CZ-13,0.04302,inf
CZ-5,CZ-9,0.03441,inf
CZ-6,CZ-14,0.04391,inf
CZ-7,CZ-14,0.00494,inf
PL-92,CZ-7,0.01198,468.271688
CZ-15,CZ-8,0.03717,inf
CZ-9,CZ-15,0.03071,inf
CZ-15,CZ-9,0.05944,inf
CZ-17,CZ-9,0.11688,inf
CZ-17,CZ-9,0.04393,inf
CZ-10,CZ-13,0.05626,inf
CZ-17,CZ-10,0.01786,inf
CZ-11,CZ-15,0.00935,inf
CZ-15,CZ-11,0.0078,inf
CZ-12,CZ-22,0.04905,inf
CZ-12,PL-96,0.05462,171.728312
CZ-12,SK-12,0.0982,83.05974142
CZ-22,CZ-13,0.04179,inf
CZ-14,CZ-22,0.04062,inf
SK-7,CZ-14,0.02625,452.8823005
CZ-20,CZ-15,0.03132,inf
CZ-21,CZ-15,0.03418,inf
CZ-23,CZ-15,0.10639,inf
CZ-15,CZ-25,0.02359,inf
CZ-29,CZ-15,0.03273,inf
CZ-17,CZ-16,0.09266,inf
CZ-16,CZ-31,0.19464,inf
CZ-17,CZ-18,0.04011,inf
CZ-17,CZ-19,0.02761,inf
CZ-17,CZ-28,0.11426,inf
CZ-21,CZ-19,0.00484,inf
CZ-19,CZ-33,0.01979,inf
CZ-20,CZ-29,0.05323,inf
CZ-21,CZ-22,0.13848,inf
CZ-22,CZ-26,0.01048,inf
CZ-22,CZ-31,0.04753,inf
CZ-24,CZ-23,0.03059,inf
CZ-24,CZ-31,0.0252,inf
CZ-24,CZ-32,0.01903,inf
CZ-25,CZ-29,0.01045,inf
CZ-31,CZ-26,0.03207,inf
CZ-28,CZ-27,0.029,inf
CZ-29,CZ-28,0.08686,inf
CZ-28,CZ-30,0.09024,inf
CZ-29,CZ-33,0.0451,inf
CZ-31,CZ-30,0.24956,inf
CZ-32,CZ-31,0.01035,inf
CZ-31,SK-18,0.12648,108.240749
CZ-31,SK-21,0.05944,520.9086045
CZ-31,SK-22,0.03741,520.9086045
CZ-34,CZ-32,0.07011,inf
CZ-33,CZ-34,0.02741,inf
CZ-33,CZ-34,0.02123,inf
PL-1,PL-3,0.03876,inf
PL-1,PL-5,0.01435,inf
PL-12,PL-2,0.1106,inf
PL-3,PL-10,0.04852,inf
PL-5,PL-4,0.06135,inf
PL-4,PL-7,0.00268,inf
PL-5,PL-6,0.00485,inf
PL-5,PL-11,0.04216,inf
PL-6,PL-9,0.16453,inf
PL-6,PL-16,0.14816,inf
PL-12,PL-7,0.15778,inf
PL-7,PL-17,0.14083,inf
PL-8,PL-23,0.05831,inf
PL-10,PL-9,0.11688,inf
PL-9,PL-21,0.10432,inf
PL-10,PL-28,0.06036,inf
PL-11,PL-14,0.03468,inf
PL-11,PL-15,0.04558,inf
PL-11,PL-16,0.0977,inf
PL-23,PL-12,0.07051,inf
PL-24,PL-13,0.07617,inf
PL-17,PL-14,0.03779,inf
PL-18,PL-15,0.03628,inf
PL-15,PL-49,0.04564,inf
PL-16,PL-29,0.04296,inf
PL-29,PL-17,0.11093,inf
PL-18,PL-23,0.015,inf
PL-24,PL-19,0.07035,inf
PL-19,PL-28,0.06958,inf
PL-20,PL-34,0.12257,inf
PL-21,PL-33,0.10878,inf
PL-25,PL-22,0.11757,inf
PL-29,PL-22,0.18826,inf
PL-25,PL-23,0.0615,inf
PL-23,PL-34,0.03604,inf
PL-28,PL-24,0.05921,inf
PL-25,PL-26,0.0733,inf
PL-25,PL-27,0.02293,inf
PL-25,PL-39,0.16071,inf
PL-26,PL-29,0.19951,inf
PL-27,PL-34,0.05739,inf
PL-28,PL-31,0.09454,inf
PL-28,PL-33,0.08541,inf
PL-30,PL-29,0.13755,inf
PL-32,PL-29,0.1369,inf
PL-29,PL-37,0.04204,inf
PL-33,PL-30,0.03358,inf
PL-52,PL-31,0.13487,inf
PL-33,PL-32,0.02087,inf
PL-32,PL-48,0.04967,inf
PL-33,PL-44,0.02773,inf
PL-34,PL-36,0.02707,inf
PL-34,PL-41,0.02545,inf
PL-34,PL-43,0.04273,inf
PL-34,PL-47,0.02202,inf
PL-45,PL-35,0.04722,inf
PL-41,PL-36,0.06099,inf
PL-36,PL-42,0.08352,inf
PL-37,PL-38,0.05026,inf
PL-37,PL-40,0.04152,inf
PL-38,PL-39,0.04869,inf
PL-39,PL-40,0.03558,inf
PL-46,PL-39,0.05768,inf
PL-49,PL-39,0.07254,inf
PL-40,PL-49,0.02528,inf
PL-58,PL-41,0.09951,inf
PL-42,PL-45,0.07378,inf
PL-42,PL-55,0.08304,inf
PL-44,PL-53,0.03683,inf
PL-45,PL-51,0.12114,inf
PL-49,PL-46,0.08539,inf
PL-66,PL-47,0.03159,inf
PL-48,PL-56,0.01842,inf
PL-48,PL-57,0.01642,inf
PL-56,PL-49,0.02172,inf
PL-49,PL-60,0.0104,inf
PL-49,PL-60,0.07465,inf
PL-50,PL-52,0.05242,inf
PL-53,PL-50,0.0327,inf
PL-52,PL-68,0.09918,inf
PL-68,PL-53,0.06514,inf
PL-58,PL-54,0.03645,inf
PL-55,PL-61,0.05918,inf
PL-57,PL-56,0.06423,inf
PL-56,PL-60,0.02487,inf
PL-56,PL-60,0.03018,inf
PL-57,PL-59,0.03909,inf
PL-57,PL-76,0.04979,inf
PL-60,PL-58,0.14696,inf
PL-58,PL-62,0.0552,inf
PL-66,PL-58,0.04274,inf
PL-67,PL-58,0.10069,inf
PL-59,PL-68,0.03987,inf
PL-60,PL-63,0.01312,inf
PL-67,PL-60,0.06855,inf
PL-69,PL-60,0.01005,inf
PL-76,PL-60,0.05123,inf
PL-62,PL-61,0.08942,inf
PL-61,PL-66,0.01512,inf
PL-61,PL-74,0.10288,inf
PL-63,PL-65,0.02439,inf
PL-71,PL-64,0.06167,inf
PL-73,PL-65,0.05909,inf
PL-66,PL-70,0.01494,inf
PL-66,PL-79,0.03067,inf
PL-66,PL-85,0.01808,inf
PL-67,PL-80,0.06265,inf
PL-67,PL-87,0.1099,inf
PL-68,PL-71,0.06251,inf
PL-68,PL-75,0.04982,inf
PL-84,PL-69,0.01835,inf
PL-69,PL-85,0.04271,inf
PL-72,PL-70,0.03524,inf
PL-82,PL-70,0.04959,inf
PL-71,PL-78,0.07125,inf
PL-71,PL-83,0.02916,inf
PL-72,PL-80,0.0322,inf
PL-72,PL-82,0.03089,inf
PL-73,PL-77,0.03333,inf
PL-86,PL-73,0.08188,inf
PL-73,PL-89,0.02797,inf
PL-75,PL-83,0.06488,inf
PL-78,PL-76,0.11909,inf
PL-76,PL-86,0.03683,inf
PL-76,PL-92,0.04626,inf
PL-77,PL-87,0.05089,inf
PL-85,PL-79,0.0188,inf
PL-79,PL-90,0.01374,inf
PL-87,PL-80,0.01525,inf
PL-91,PL-82,0.01867,inf
PL-92,PL-84,0.00759,inf
PL-85,PL-90,0.0303,inf
PL-87,PL-88,0.05021,inf
PL-91,PL-87,0.0179,inf
PL-87,PL-93,0.01744,inf
PL-87,PL-93,0.01519,inf
PL-87,PL-94,0.04015,inf
PL-96,PL-87,0.0376,inf
PL-89,PL-92,0.01778,inf
SK-2,PL-90,0.01941,491
PL-92,PL-95,0.02524,inf
PL-94,PL-95,0.05338,inf
H-3,H-1,0.03621,inf
H-1,FromUkrainaWest1,0.05,2703
H-4,H-2,0.01531,inf
H-5,H-3,0.01683,inf
H-4,H-5,0.01703,inf
H-5,H-4,0.01384,inf
H-5,H-6,0.09866,inf
H-6,H-5,0.03461,inf
H-5,H-7,0.12495,inf
H-7,H-5,0.12396,inf
H-8,H-5,0.06968,inf
H-11,H-5,0.1357,inf
H-9,H-7,0.09322,inf
H-9,H-7,0.09662,inf
H-11,H-7,0.09627,inf
H-9,H-8,0.02114,inf
H-8,H-12,0.01581,inf
SK-20,H-8,0.03114,548.1977625
H-9,H-10,0.02453,inf
H-15,H-10,0.0151,inf
H-11,H-23,0.11475,inf
H-16,H-12,0.02118,inf
H-12,H-17,0.0586,inf
H-13,H-14,0.06839,inf
H-13,H-18,0.02536,inf
H-22,H-13,0.0349,inf
SK-24,H-13,0.01269,547.8022375
H-14,H-15,0.08471,inf
H-15,H-16,0.02963,inf
H-15,H-19,0.02868,inf
H-18,H-16,0.02844,inf
H-16,H-21,0.03018,inf
H-20,H-17,0.03757,inf
H-17,Nadab,0.01575,1385
H-18,H-21,0.04433,inf
H-18,H-22,0.02985,inf
H-21,H-20,0.0508,inf
H-20,Subotica,0.01697,813
H-20,Arad,0.04363,1109
H-21,H-25,0.03523,inf
H-21,CRT-1,0.06787,634.5321363
H-22,H-25,0.03874,inf
H-22,CRT-17,0.0179,547.4678637
SK-2,SK-1,0.03589,inf
SK-1,SK-6,0.02895,inf
SK-2,SK-4,0.02949,inf
SK-2,SK-6,0.03613,inf
SK-2,SK-10,0.01963,inf
SK-13,SK-2,0.25876,inf
SK-9,SK-3,0.02657,inf
SK-4,SK-8,0.04438,inf
SK-8,SK-5,0.01707,inf
SK-11,SK-6,0.04322,inf
SK-6,FromUkrainaWest2,1.00E-05,831
SK-7,SK-9,0.00404,inf
SK-7,SK-14,0.03999,inf
SK-8,SK-9,0.0094,inf
SK-9,SK-13,0.07565,inf
SK-9,SK-15,0.0792,inf
SK-9,SK-17,0.03937,inf
SK-16,SK-11,0.03831,inf
SK-12,SK-15,0.08657,inf
SK-14,SK-21,0.012,inf
SK-21,SK-15,0.0868,inf
SK-20,SK-16,0.05117,inf
SK-19,SK-17,0.02165,inf
SK-18,SK-21,0.03517,inf
SK-19,SK-20,0.01019,inf
SK-19,SK-20,0.01627,inf
SK-19,SK-21,0.02746,inf
SK-21,SK-23,0.02053,inf
SK-22,SK-23,0.0077,inf
SK-23,SK-24,0.02071,inf
SV-3,SV-1,0.02922,inf
SV-1,SV-6,0.02935,inf
SV-3,SV-2,0.07364,inf
SV-2,CRT-17,0.10755,100.3974203
SV-3,SV-5,0.01963,inf
SV-3,SV-5,0.06581,inf
SV-4,SV-5,0.0089,inf
SV-8,SV-5,0.07069,inf
SV-8,SV-5,0.01783,inf
SV-6,CRT-3,0.00753,786.9535167
CRT-7,SV-8,0.09765,250.8245315
SV-8,CRT-7,0.02881,250.8245315
CRT-3,CRT-1,0.09387,inf
CRT-1,CRT-4,1.00E-05,inf
CRT-2,CRT-6,0.03975,inf
CRT-2,CRT-9,0.14769,inf
CRT-17,CRT-2,0.0335,297
CRT-2,Prijedor,0.14091,41.77421345
CRT-7,CRT-3,0.04506,inf
CRT-17,CRT-3,0.02799,1246
CRT-4,Ugljevik,0.0126,177.7865515
CRT-4,Mitrovica,0.04363,489
CRT-6,CRT-5,0.02251,inf
CRT-5,Prijedor,0.07045,41.77421345
CRT-8,CRT-7,0.04399,inf
CRT-10,CRT-7,0.07857,inf
CRT-7,CRT-11,0.05974,inf
CRT-9,CRT-10,0.0305,inf
CRT-9,CRT-13,0.23612,inf
CRT-11,CRT-13,0.04945,inf
CRT-13,CRT-12,0.01779,inf
CRT-14,CRT-13,0.03121,inf
CRT-13,CRT-16,0.04494,inf
CRT-13,ToBIH,0.06011,inf
CRT-13,Mostar,0.05575,185.1005552
CRT-14,CRT-16,0.09671,inf
ToBIH,CRT-16,0.14458,inf
CRT-16,Mostar,0.11209,43.74336829
Palini,Agios Stefanos,0.00388,inf
Palini,Agios Stefanos,0.00339,inf
Acharnes,Koumoundourou,0.00339,inf
Koumoundourou,Distomo,0.01648,inf
Agios Stefanos,Acharnes,0.00291,inf
Agios Stefanos,Larymna,0.01406,inf
Acharnes,Larymna,0.0096,inf
Distomo,Larymna,0.00824,inf
Larymna,Larisa,0.02957,inf
Larymna,Larisa,0.02957,inf
Acheloos,Distomo,0.01842,inf
Distomo,Lamia,0.01503,inf
Acheloos,Arachthos,0.03514,inf
Lamia,Trikala,0.01018,inf
Larisa,Kardia,0.01939,inf
Larisa,Agios Dimitrios,0.02181,inf
Trikala,Kardia,0.01697,inf
Arachthos,Trikala,0.03636,inf
Kardia,Agios Dimitrios,0.01163,inf
Kardia,Amyndeo,0.00679,inf
Zemblak,Kardia,0.03636,250
Agios Dimitrios,Thessaloniki,0.01551,inf
Amyndeo,Thessaloniki,0.01891,inf
Amyndeo,Florina,0.00533,inf
Thessaloniki,Lagadas,0.00291,inf
Dubrovo,Thessaloniki,0.05454,860
Thessaloniki,Blagoevgrad,0.07756,331
Elpe,Thessaloniki,0.00533,inf
Lagadas,Fillipi,0.01697,inf
Fillipi,Nea Santa,0.01794,inf
Zemblak,Elbasan 2,0.01454,inf
Elbasan 2,Tirana 2,0.01018,inf
Tirana 2,Elbasan 2,0.01018,inf
Dures,Tirana 2,0.00268,inf
Tirana 2,Tirana 1,0.00107,inf
Tirana 2,Koman,0.03864,inf
Bitola,Dubrovo,0.03636,inf
Bitola,Skpje 4,0.0509,inf
Bitola,Florina,0.00848,269
Dubrovo,Skpje 4,0.02666,inf
Stip,Dubrovo,0.01333,inf
Stip,Ch. Mogila,0.04727,202
Skpje 4,Skopje 5,0.00606,inf
Kosovo B,Skopje 5,0.02909,389.8923913
Blagoevgrad,Ch. Mogila,0.0097,inf
Plovdiv,Vetren,0.01575,inf
Ch. Mogila,Vetren,0.03999,inf
Chaira,Vetren,0.00364,inf
Chaira,Vetren,0.00364,inf
Plovdiv,Maritsa 3,0.07514,inf
Aleko,Plovdiv,0.01922,inf
Plovdiv,Maritsa,0.15372,inf
Plovdiv,Maritsa,0.15372,inf
Ch. Mogila,Sofia-Zapad,0.00582,inf
Maritsa 2,Maritsa 3,0.02242,inf
Uzundjovo,Maritsa 3,0.07045,inf
Maritsa 2,Burgas,0.0509,inf
Maritsa 2,Dobrudzha,0.18895,inf
Maritsa 2,Maritsa,0.02562,inf
Maritsa 2,Maritsa,0.02562,inf
Stara Zagora,Maritsa 2,0.03523,inf
Ghorna Oryakhovitsa,Maritsa 2,0.19215,inf
Maritsa 2,Tvyrditsa,0.04484,inf
Maritsa 2,Karnobat,0.09928,inf
Burgas,Varna1299,0.04242,inf
Stolnik,Zlatisa,0.03514,inf
Metalurgichna,Stolnik,0.00606,inf
Stolnik,Mizia,0.0303,inf
Stomana,Stolnik,0.11529,inf
Sofia,Stolnik,0.07045,inf
Kremikovtsi,Stolnik,0.01601,inf
Stolnik,Sestrimo,0.03843,inf
Sofia-Zapad,Metalurgichna,0.01212,inf
Sofia-Zapad,Kozloduy,0.05454,inf
Sofia-Zapad,Kozloduy,0.02181,inf
Nis,Sofia-Zapad,0.04969,323
Mizia,Kozloduy,3151,inf
Mizia,Kozloduy,0.0126,inf
Mizia,Kozloduy,0.16012,inf
Boychinovtsi,Kozloduy,0.05124,inf
Tantareni,Kozloduy,0.01697,283
Mizia,Tsarevets,0.04727,inf
Mizia,Ghorna Oryakhovitsa,0.09607,inf
Mizia,Pleven,0.04484,inf
Boychinovtsi,Mizia,0.08326,inf
Tsarevets,Varna1299,0.07514,inf
Varna1299,Dobrudzha,0.00606,inf
Varna1299,Dobrudzha,0.00606,inf
Dobrudzha,Varna1335,0.02242,inf
Dobrudzha,Varna1335,0.02242,inf
Madara,Dobrudzha,0.03843,inf
Dobrudzha,Isaccea,0.05045,217
Vlore,Fier,0.00698,inf
Fier,Dures,0.01127,inf
Fier,Elbasan 1,0.0102,inf
Elbasan 1,Tirana 1,0.00751,inf
Elbasan 1,Burrel,0.00966,inf
Tirana 1,Vaui Dejes,0.03113,inf
Fierze,Tirana 1,0.01932,inf
Burrel,Fierze,0.01395,inf
Vaui Dejes,Koman,0.00268,inf
Podgoritsa 220KV,Vaui Dejes,0.05444,1540
Koman,Fierze,0.00268,inf
Fierze,Prizren,0.06725,217
Vrotok,Skopje 1,0.08006,inf
Kosovo A 220,Skopje 1,0.06085,99.55380435
Kosovo A 220,Skopje 1,0.06085,99.55380435
Arachthos,1513,1.00E-05,inf
Stomana,Bobovdol,0.03843,inf
Stomana,Sofia,0.03843,inf
Bobovdol,Sofia-Jug,0.07686,inf
Sofia-Jug,Kazichane,0.03202,inf
Kazichane,Belmeken,0.08326,inf
Kazichane,Aleko,0.14091,inf
Aleko,Peshtera,0.02242,inf
Aleko,Orfey,0.02882,inf
Aleko,Cnudomir,0.11209,inf
Aleko,Balkan,0.13771,inf
Orfey,Devin,0.03523,inf
Orfey,Teshel,0.04163,inf
Balkan,Ghorna Oryakhovitsa,0.03843,inf
Ghorna Oryakhovitsa,Madara,0.10888,inf
Ghorna Oryakhovitsa,Obraztsow Chiflik,0.08326,inf
Podgoritsa,Ribarevine,0.03514,inf
Trebinje,Podgoritsa,0.03636,1264
Ribarevine,Pljevja,0.02545,inf
Ribarevine,Kosovo B,0.04727,1264
Piva,Pljevja,0.03843,inf
Piva,Pljevja,0.03843,inf
Pljevja,Mojkovac,0.03523,inf
Pljevja,Pozega,0.10568,365
Pljevja,B. Basta,0.09928,350
Sarajevo 20,Piva,0.08967,366
Perucica,Podgoritsa 220KV,0.03843,inf
Trebinje,Perucica,0.04804,276
Podgoritsa 220KV,Mojkovac,0.04804,inf
Trebinje,Gacko,0.01697,inf
Trebinje,Mostar,0.08967,inf
Trebinje,Mostar,0.08967,inf
Dubrovnik,Trebinje,0.01922,64.70080197
Dubrovnik,Trebinje,0.01922,64.70080197
Mostar,Gacko,0.02424,inf
Mostar,Sarajevo 10,0.02909,inf
Capljina,Mostar,0.03202,inf
Capljina,Mostar,0.03202,inf
Mostar,Salakovac,0.04163,inf
Grabovica,Mostar,0.06085,inf
Mostar,Jablanica,0.06725,inf
Sarajevo 10,Tuzla,0.0303,inf
Sarajevo 10,Sarajevo 20,0.00727,inf
Tuzla,Ugljevik,0.02181,inf
Banja Luka,Tuzla,0.0509,inf
Tuzla,Kakanj,0.07366,inf
Jenica,Tuzla,0.06725,inf
Tuzla 220,Tuzla,0.01601,inf
Tuzla 220,Tuzla,0.01601,inf
Tuzla,Visegrad,0.26901,inf
Ugljevik,Mitrovica,0.03151,406.887619
Capljina,Capljina HPP,0.00698,inf
Capljina,Capljina HPP,0.04163,inf
Salakovac,Kakanj,0.07366,inf
Grabovica,Jablanica,0.00961,inf
Rama,Jablanica,0.00961,inf
Rama,Jablanica,0.00961,inf
Jablanica,Kakanj,0.04804,inf
Jajce,Jablanica,0.07686,inf
Jenica,Kakanj,0.00641,inf
Prijedor,Kakanj,0.18254,inf
Tuzla 220,Gradacac,0.06085,inf
Tuzla 220,Dakovo,0.09928,32.20974707
Dakovo,Gradacac,0.05124,32.20974707
Prijedor,Jajce,0.11849,inf
Prijedor,Bihac,0.08006,inf
Visegrad,Pozega,0.06725,100.112381
Kosovo B,Kosovo A,0.00727,inf
Kosovo B,Kosovo A,0.00727,inf
Kosovo B,Nis,0.05332,inf
Glogovac,Kosovo B,0.03202,inf
Glogovac,Kosovo B,0.03202,inf
Kosovo B,Podujevo,0.03202,inf
Kosovo B,Kosovo A 220,0.01121,inf
Kosovo A 220,Kosovo B,0.01121,inf
Nis,Bor,0.03757,inf
Jagodina,Nis,0.03636,inf
Kragujevac,Nis,0.04848,inf
Krusevac,Nis,0.06405,inf
Nis,Leskovac,0.06085,inf
Bor,Djerdap,0.02424,inf
Djerdap,Drmno,0.06423,inf
Djerdap,Portile de Fier 1,0.00606,1121
TENT A (Tesla),Kragujevac,0.03999,inf
TENT A (Tesla),Beograd 8,0.02181,inf
TENT B (Tesla),TENT A (Tesla),0.02882,inf
Mladost,TENT A (Tesla),0.00848,inf
Mladost,TENT A (Tesla),0.00848,inf
TENT A (Tesla),Novisad,0.01234,inf
TENT A (Tesla),B. Basta,0.08647,inf
TENT A (Tesla),Kolubara,0.01601,inf
TENT A (Tesla),Sabac,0.04804,inf
TENT A (Tesla),Beograd 3,0.04804,inf
Beograd 8,Pancevo,0.02882,inf
Drmno,Beograd 8,0.0303,inf
Beograd 8,Beograd 20,0.00606,inf
Beograd 3,Beograd 8,0.01601,inf
Beograd 3,Beograd 8,0.01601,inf
Beograd 8,Smederevo,0.01922,inf
Drmno,Pancevo,0.01939,inf
Pancevo,Beograd 20,0.00606,inf
Pancevo,Zrenjanin,0.05765,inf
TENT B (Tesla),Mladost,0.01212,inf
Mladost,TENT B (Tesla),0.01212,inf
Mitrovica,Mladost,0.0303,inf
Novisad,Mladost,0.02181,inf
Novisad,Mladost,0.02181,inf
Mitrovica,Zvornik,0.11849,inf
Sbobran,Mitrovica,0.04163,inf
Subotica,Novisad,0.04242,inf
Novisad,Sbobran,0.03843,inf
Novisad,Zrenjanin,0.05765,inf
Prizren,Glogovac,0.01601,inf
Podujevo,Krusevac,0.01664,inf
Krusevac,Kraljevo,0.07045,inf
Kraljevo,Cacak,0.02882,inf
Pozega,Kraljevo,0.05124,inf
Pozega,Cacak,0.02882,inf
B. Basta,Pozega,0.03843,inf
B. Basta,Bistrica,0.57645,inf
B. Basta,Valjevo,0.03202,inf
Zvornik,B. Basta,0.05765,inf
Beograd 3,B. Basta,0.16012,inf
B. Basta HPPsmall,B. Basta,0.01922,inf
B. Basta HPPbig,B. Basta,0.03843,inf
Kolubara,Valjevo,0.03843,inf
Portile de Fier 1,Urchesti,0.03636,inf
Portile de Fier 1,Slatina,0.06787,inf
Portile de Fier 1,Calafat,0.11209,inf
Portile de Fier 1,Cetate,0.08062,inf
Portile de Fier 1,Tr. Severin,0.00961,inf
Portile de Fier 1,Resita,0.17934,inf
Rovinari,Urchesti,0.00364,inf
Rovinari,Urchesti,0.00364,inf
Urchesti,Tantareni,0.03272,inf
Urchesti,Domnesti,0.09816,inf
Urchesti,Targu Jiu,0.00961,inf
Urchesti,Sardanesti,0.04804,inf
Turceni,Tantareni,0.00145,inf
Turceni,Tantareni,0.00145,inf
Tantareni,Slatina,0.02909,inf
Tantareni,Bradu,0.04727,inf
Tantareni,Sibiu,0.09695,inf
Slatina,Draganesto Olt,0.01212,inf
Slatina,Bucuresti Sud,0.06423,inf
Craiova Nord,Slatina,0.06085,inf
Isalnita,Slatina,0.07365,inf
Slatina,Gradiste,0.03523,inf
Domnesti,Bucuresti Sud,0.00364,inf
Brazi Vest,Domnesti,0.03151,inf
Bucuresti Sud,Pelicanu,0.03272,inf
Bucuresti Sud,G. Ialomitei,0.06302,inf
Bucuresti Sud,Progresu,0.02562,inf
Bucuresti Sud,Mostistea,0.05765,inf
Bucuresti Sud,Fundeni,0.01922,inf
Darste,Brazi Vest,0.03514,inf
Brazi Vest,Fundeni,0.12169,inf
Brazi Vest,Teleajean,0.00961,inf
Targoviste,Brazi Vest,0.07045,inf
Pelicanu,Cernadova,0.02303,inf
Cernadova,Constanta Nord,0.03757,inf
Tulcea,Constanta Nord,0.0509,inf
G. Ialomitei,Cernadova,0.02303,inf
G. Ialomitei,Cernadova,0.02303,inf
Cernadova,Medgidia Sud,0.00606,inf
Lacu Sarat,G. Ialomitei,0.02909,inf
Isaccea,Tulcea,0.02424,inf
Lacu Sarat,Isaccea,0.00606,inf
Smardan,Isaccea,0.00776,inf
Isaccea,1512,1.00E-05,2100
Smardan,Lacu Sarat,0.01575,inf
Braila,Lacu Sarat,0.01601,inf
Braila,Lacu Sarat,0.00606,inf
Braila,Lacu Sarat,0.01601,inf
Braila,Lacu Sarat,0.01601,inf
Gutinas,Smardan,0.04848,inf
Brasov,Gutinas,0.05211,inf
Barbarosi,Gutinas,0.17293,inf
Gutinas,Borzesti,0.00961,inf
Gutinas,Munteni,0.20496,inf
Gutinas,Iasi,0.36508,inf
Gutinas,Bacau Sud,0.05444,inf
Gutinas,Dumbrava,0.09607,inf
Foscani Vest,Gutinas,0.10248,inf
Brasov,Darste,0.00242,inf
Bradu,Brasov,0.04763,inf
Brasov,Sibiu,0.0509,inf
Targoviste,Bradu,0.1345,inf
Pitesti Sud,Bradu,0.01601,inf
Stuparei,Bradu,0.04484,inf
Arefu,Bradu,0.05124,inf
Sibiu,Mintia,0.04727,inf
Sibiu,Lernut,0.03151,inf
Sibiu,Lotru,0.06405,inf
Arad,Mintia,0.04969,inf
Timisoara,Mintia,0.13771,inf
Mintia,Pestis,0.01281,inf
Mintia,Hasdat,0.01281,inf
Mintia,Alba Iulia,0.07366,inf
Nadab,Arad,0.01697,inf
Timisoara,Arad,0.11529,inf
Sacalaz,Arad,0.08967,inf
Oradea,Nadab,0.02909,inf
Rosiori,Oradea,0.05696,inf
Rosiori,Gadalin,0.04727,inf
Rosiori,Baia Mare,0.06405,inf
Vetis,Rosiori,0.03523,inf
Rosiori,FromUkraniaMukachevo,0.05211,1121
Gadalin,Cluj Est,0.00242,inf
Gadalin,Lernut,0.01697,inf
Lernut,Ungheni,0.01281,inf
Lernut,Ungheni,0.01281,inf
Lernut,Cluj Floresti,0.08647,inf
Baia Mare,Lernut,0.16973,inf
Filesti,Braila,0.02562,inf
Resita,Iaz,0.05765,inf
Timisoara,Resita,0.17293,inf
Sacalaz,Timisoara,0.00805,inf
Baru Mare,Paroseni,0.02882,inf
Pestis,Baru Mare,0.00483,inf
Paroseni,Targu Jiu,0.03523,inf
Sardanesti,Craiova Nord,0.06725,inf
Craiova Nord,Isalnita,0.02562,inf
Craiova Nord,Tr. Magurele,0.10568,inf
Tr. Magurele,Ghizdaru,0.09607,inf
Ghizdaru,Progresu,0.15372,inf
Teleajean,Staplu,0.06725,inf
Doicesti,Targoviste,0.01601,inf
Doicesti,Targoviste,0.01601,inf
Stuparei,Raureni,0.00641,inf
Raureni,Arefu,0.03202,inf
Vidrau,Arefu,0.01922,inf
Pestis,Hasdat,0.01281,inf
Retezat,Hasdat,0.03523,inf
Alba Iulia,Sugag,0.03843,inf
Alba Iulia,Galceag,0.04163,inf
Cluj Floresti,Alba Iulia,0.06725,inf
Barbarosi,Filesti,0.00641,inf
Suceava,Iasi,0.1345,inf
Suceava,Roman Nord,0.11209,inf
Roman Nord,Bacau Sud,0.06085,inf
Gheorghieni,Dumbrava,0.08647,inf
Fantanele,Gheorghieni,0.07686,inf
Ungheni,Fantanele,0.03523,inf
Cluj Floresti,Campia Turzii,0.08967,inf
Cluj Floresti,Mariselu,0.04163,inf
Cluj Floresti,Tihau,0.06405,inf
Salaj,Tihau,0.02562,inf
Tihau,Baia Mare,0.03202,inf
DK-Zealand,SE-Soderasen,0.02023,1660
Maritsa 3,TR-Hamitabat,0.04242,3023
Nea Santa,TR-Babaeski,0.04242,2000
